species,twig,indiv,hydrology,area,fresh_mass,dry_mass,thickness,ldmc,SLA
afr,afr01,afr01_l01,dry,16.275,0.35,0.1005,0.186333333,287.1428571,161.9402985
afr,afr01,afr01_l02,dry,16.365,0.38,0.1028,0.219,270.5263158,159.192607
afr,afr01,afr01_l03,dry,14.859,0.35,0.096,0.212,274.2857143,154.78125
afr,afr01,afr01_l04,dry,12.53,0.33,0.1058,0.241666667,320.6060606,118.4310019
afr,afr01,afr01_l05,dry,23.18,0.53,0.1493,0.200333333,281.6981132,155.2578701
bbr,bbr01,bbr01_l01,wet,65.574,2.18,0.8099,0.321333333,371.5137615,80.9655513
bbr,bbr01,bbr01_l02,wet,68.255,2.34,0.8416,0.342333333,359.6581197,81.10147338
bbr,bbr01,bbr01_l03,wet,111.816,3.47,1.1061,0.329,318.7608069,101.0903173
bbr,bbr01,bbr01_l04,wet,115.52,3.85,1.3491,0.350333333,350.4155844,85.62745534
bbr,bbr01,bbr01_l05,wet,77.201,2.63,0.9106,0.323333333,346.2357414,84.78036459
gax,gax01,gax01_l01,wet,25.68,0.91,0.2269,0.347666667,249.3406593,113.1776113
gax,gax01,gax01_l02,wet,40.677,1.39,0.3266,0.381666667,234.9640288,124.5468463
gax,gax01,gax01_l03,wet,39.442,1.47,0.4359,0.403666667,296.5306122,90.48405598
gax,gax01,gax01_l04,wet,26.588,0.99,0.2685,0.379333333,271.2121212,99.02420857
gax,gax01,gax01_l05,wet,41.645,1.38,0.2799,0.451333333,202.826087,148.7852805
gax,gax02,gax02_l01,wet,25.071,0.85,0.2289,0.378666667,269.2941176,109.5281782
gax,gax02,gax02_l02,wet,35.714,1.03,0.2257,0.349666667,219.1262136,158.2365973
gax,gax02,gax02_l03,wet,30.319,0.99,0.2659,0.357333333,268.5858586,114.0240692
gax,gax02,gax02_l04,wet,28.841,0.9,0.2344,0.330666667,260.4444444,123.0418089
gax,gax02,gax02_l05,wet,33.442,1.04,0.2299,0.341333333,221.0576923,145.4632449
gax,gax03,gax03_l01,wet,34.761,1.24,0.3388,0.403333333,273.2258065,102.6003542
gax,gax03,gax03_l02,wet,38.561,1.39,0.3514,0.418666667,252.8057554,109.7353443
gax,gax03,gax03_l03,wet,38.845,1.25,0.2986,0.357666667,238.88,130.090422
gax,gax03,gax03_l04,wet,32.266,1.12,0.2999,0.437333333,267.7678571,107.5891964
gax,gax03,gax03_l05,wet,30.189,1,0.2674,0.377,267.4,112.8982797
gax,gax04,gax04_l01,dry,89.651,3.14,1.0264,0.340666667,326.8789809,87.34508963
gax,gax04,gax04_l02,dry,117.452,3.63,1.0674,0.339666667,294.0495868,110.0356005
gax,gax04,gax04_l03,dry,81.348,2.76,0.9039,0.388333333,327.5,89.99668105
gax,gax04,gax04_l04,dry,68.209,2.36,0.6759,0.312,286.3983051,100.9158159
gax,gax04,gax04_l05,dry,94.618,2.89,0.8282,0.345333333,286.5743945,114.2453514
gax,gax05,gax05_l01,wet,64.569,2.38,0.713,0.459333333,299.5798319,90.55960729
gax,gax05,gax05_l02,wet,28.788,0.95,0.2448,0.384,257.6842105,117.5980392
gax,gax05,gax05_l03,wet,41.628,1.44,0.4001,0.362333333,277.8472222,104.043989
gax,gax05,gax05_l04,wet,51.985,1.95,0.5585,0.427333333,286.4102564,93.07967771
gax,gax05,gax05_l05,wet,33.195,1.13,0.2842,0.398333333,251.5044248,116.8015482
mba,mba01,mba01_l01,dry,356.912,6.36,2.31,0.215,363.2075472,154.5073593
mba,mba01,mba01_l02,dry,394.586,7.87,2.99,0.257,379.9237611,131.9685619
mba,mba01,mba01_l03,dry,410.044,8.57,3.6,0.236333333,420.0700117,113.9011111
mba,mba01,mba01_l04,dry,331.446,5.53,2,0.177,361.6636528,165.723
mba,mba01,mba01_l05,dry,262.321,6.06,2.51,0.261,414.1914191,104.5103586
mgi,mgi01,mgi01_l01,dry,891.591,16.45,5.95,0.393666667,361.7021277,149.8472269
mgi,mgi01,mgi01_l02,dry,854.254,18.21,6.92,0.356333333,380.010983,123.4471098
mgi,mgi01,mgi01_l03,dry,1024.842,23.7,8.97,0.350666667,378.4810127,114.2521739
mgi,mgi01,mgi01_l04,dry,804.536,18.43,6.72,0.365666667,364.6228974,119.722619
mgi,mgi01,mgi01_l05,dry,840.481,18.51,6.62,0.317333333,357.6445165,126.9608761
mgi,mgi02,mgi02_l01,dry,2744.756,50.58,23.96,0.361333333,473.7050217,114.5557596
mgi,mgi02,mgi02_l02,dry,2215.778,41.33,18.32,0.329333333,443.2615534,120.9485808
mgi,mgi02,mgi02_l03,dry,3337.838,53.62,28.03,0.34,522.7527042,119.0809133
mgi,mgi02,mgi02_l04,dry,2324.926,32.34,17.94,0.292,554.7309833,129.5945373
mgi,mgi02,mgi02_l05,dry,2320.072,33.67,21.55,0.297666667,640.03564,107.6599536
mre,mre01,mre01_l01,wet,382.594,9.92,3.96,0.274333333,399.1935484,96.61464646
mre,mre01,mre01_l02,wet,369.28,9.1,3.77,0.251,414.2857143,97.95225464
mre,mre01,mre01_l03,wet,417.454,10.83,4.32,0.228,398.8919668,96.63287037
mre,mre01,mre01_l04,wet,316.888,10.01,4.46,0.272666667,445.5544456,71.05112108
mre,mre01,mre01_l05,wet,437.126,13.31,5.51,0.272666667,413.9744553,79.33321234
mre,mre02,mre02_l01,wet,797.37,22.08,8.17,0.252333333,370.0181159,97.59730722
mre,mre02,mre02_l02,wet,984.592,24.18,8.53,0.233333333,352.770885,115.4269637
mre,mre02,mre02_l03,wet,609.393,17.51,7.76,0.273666667,443.1753284,78.53002577
mre,mre02,mre02_l04,wet,1001.605,26.29,10.09,0.26,383.7961202,99.26709613
mre,mre02,mre02_l05,wet,631.88,19.16,7.35,0.276333333,383.611691,85.97006803
mre,mre03,mre03_l01,wet,473.7,14.3,6.17,0.269,431.4685315,76.77471637
mre,mre03,mre03_l02,wet,503.798,14.53,5.68,0.255666667,390.9153476,88.69683099
mre,mre03,mre03_l03,wet,384.233,11.7,5.29,0.281333333,452.1367521,72.63383743
mre,mre03,mre03_l04,wet,497.732,14.52,5.97,0.269666667,411.1570248,83.3721943
mre,mre03,mre03_l05,wet,306.285,8.7,3.56,0.268,409.1954023,86.03511236
pax,pax01,pax01_l01,wet,70.836,1.95,0.5038,0.325333333,258.3589744,140.6034141
pax,pax01,pax01_l02,wet,66.528,1.86,0.4791,0.342,257.5806452,138.8603632
pax,pax01,pax01_l03,wet,80.343,2.44,0.6647,0.355333333,272.4180328,120.8710697
pax,pax01,pax01_l04,wet,58.207,1.8,0.4709,0.337666667,261.6111111,123.6079847
pax,pax01,pax01_l05,wet,81.299,2.21,0.5761,0.310333333,260.678733,141.1195973
pax,pax02,pax02_l01,wet,57.583,1.74,0.517,0.328666667,297.1264368,111.3791103
pax,pax02,pax02_l02,wet,36.665,1.11,0.3046,0.314,274.4144144,120.3709783
pax,pax02,pax02_l03,wet,73.442,2.38,0.6918,0.350333333,290.6722689,106.1607401
pax,pax02,pax02_l04,wet,84.042,2.5,0.6567,0.342333333,262.68,127.9762449
pax,pax02,pax02_l05,wet,46.788,1.44,0.4356,0.303666667,302.5,107.4104683
pax,pax03,pax03_l01,wet,94.945,2.46,0.7291,0.276333333,296.3821138,130.2221917
pax,pax03,pax03_l02,wet,65.995,2.02,0.5874,0.351,290.7920792,112.3510385
pax,pax03,pax03_l03,wet,73.575,2.14,0.6589,0.305333333,307.8971963,111.6633784
pax,pax03,pax03_l04,wet,78.417,2.23,0.6229,0.311666667,279.3273543,125.890191
pax,pax03,pax03_l05,wet,75.228,2.01,0.5849,0.308,290.9950249,128.6168576
pax,pax04,pax04_l01,dry,81.098,2.61,0.7095,0.367666667,271.8390805,114.3030303
pax,pax04,pax04_l02,dry,84.642,2.38,0.6054,0.304,254.3697479,139.8116947
pax,pax04,pax04_l03,dry,76.995,1.91,0.4584,0.245333333,240,167.9646597
pax,pax04,pax04_l04,dry,88.905,2.65,0.6988,0.315666667,263.6981132,127.2252433
pax,pax04,pax04_l05,dry,64.224,2.03,0.5457,0.347666667,268.817734,117.691039
pco,pco01,pco01_l01,dry,30.178,0.72,0.2379,0.244,330.4166667,126.8516183
pco,pco01,pco01_l02,dry,26.522,0.71,0.2397,0.268,337.6056338,110.6466416
pco,pco01,pco01_l03,dry,29.503,0.87,0.281,0.296333333,322.9885057,104.9928826
pco,pco01,pco01_l04,dry,36.779,1.18,0.3857,0.294,326.8644068,95.35649468
pco,pco01,pco01_l05,dry,29.74,0.74,0.2245,0.261,303.3783784,132.4721604
pco,pco02,pco02_l01,wet,40.147,1.14,0.4115,0.272,360.9649123,97.56257594
pco,pco02,pco02_l02,wet,88.809,3.36,1.2612,0.352666667,375.3571429,70.41627022
pco,pco02,pco02_l03,wet,59.518,1.84,0.6477,0.276,352.0108696,91.8913077
pco,pco02,pco02_l04,wet,74.586,2.45,0.8714,0.277333333,355.6734694,85.59329814
pco,pco02,pco02_l05,wet,40.471,1.1,0.401,0.261666667,364.5454545,100.925187
pco,pco03,pco03_l01,dry,54.249,1.79,0.6485,0.316333333,362.2905028,83.65304549
pco,pco03,pco03_l02,dry,45.653,1.53,0.5448,0.318333333,356.0784314,83.79772394
pco,pco03,pco03_l03,dry,29.05,0.96,0.3376,0.315666667,351.6666667,86.0485782
pco,pco03,pco03_l04,dry,42.817,1.48,0.5286,0.336,357.1621622,81.00075672
pco,pco03,pco03_l05,dry,24.09,0.66,0.2136,0.261666667,323.6363636,112.7808989
pec,pec01,pec01_l01,dry,16.917,0.37,0.1044,0.200333333,282.1621622,162.0402299
pec,pec01,pec01_l02,dry,14.763,0.33,0.0978,0.197666667,296.3636364,150.9509202
pec,pec01,pec01_l03,dry,14.796,0.32,0.093,0.198,290.625,159.0967742
pec,pec01,pec01_l04,dry,13.503,0.28,0.0788,0.196666667,281.4285714,171.357868
pec,pec01,pec01_l05,dry,13.986,0.3,0.0829,0.19,276.3333333,168.7092883
pec,pec02,pec02_l01,dry,28.321,0.62,0.2294,0.256,370,123.4568439
pec,pec02,pec02_l02,dry,26.771,0.79,0.207,0.233,262.0253165,129.3285024
pec,pec02,pec02_l03,dry,24.662,0.59,0.1966,0.248,333.220339,125.4425229
pec,pec02,pec02_l04,dry,31.131,0.63,0.2542,0.270333333,403.4920635,122.4665618
pec,pec02,pec02_l05,dry,26.524,0.73,0.2053,0.242,281.2328767,129.1962981
pec,pec03,pec03_l01,dry,19.893,0.43,0.1259,0.258333333,292.7906977,158.0063542
pec,pec03,pec03_l02,dry,18.517,0.4,0.1314,0.233,328.5,140.9208524
pec,pec03,pec03_l03,dry,21.482,0.49,0.1436,0.232333333,293.0612245,149.5961003
pec,pec03,pec03_l04,dry,17.132,0.4,0.1245,0.226666667,311.25,137.6064257
pec,pec03,pec03_l05,dry,16.525,0.38,0.1141,0.214666667,300.2631579,144.8290973
pec,pec04,pec04_l01,dry,17.078,0.46,0.1547,0.239,336.3043478,110.3943116
pec,pec04,pec04_l02,dry,14.124,0.39,0.1342,0.244,344.1025641,105.2459016
pec,pec04,pec04_l03,dry,16.378,0.47,0.1557,0.255333333,331.2765957,105.1894669
pec,pec04,pec04_l04,dry,16.891,0.51,0.1754,0.264666667,343.9215686,96.29988597
pec,pec04,pec04_l05,dry,17.633,0.58,0.198,0.273333333,341.3793103,89.05555556
rci,rci01,rci01_l01,dry,22.502,0.56,0.2733,0.234666667,488.0357143,82.33443103
rci,rci01,rci01_l02,dry,20.936,0.44,0.2134,0.203,485,98.10684161
rci,rci01,rci01_l03,dry,19.108,0.4,0.1905,0.186333333,476.25,100.3044619
rci,rci01,rci01_l04,dry,21.606,0.48,0.2399,0.212666667,499.7916667,90.06252605
rci,rci01,rci01_l05,dry,18.381,0.39,0.186,0.198333333,476.9230769,98.82258065
tfl,tfl01,tfl01_l01,wet,35.287,1.18,0.471,0.275666667,399.1525424,74.91932059
tfl,tfl01,tfl01_l02,wet,52.765,1.72,0.7365,0.281333333,428.1976744,71.64290563
tfl,tfl01,tfl01_l03,wet,49.993,1.5,0.5809,0.248,387.2666667,86.06128421
tfl,tfl01,tfl01_l04,wet,33.205,0.99,0.3916,0.257,395.5555556,84.79315628
tfl,tfl01,tfl01_l05,wet,43.061,1.3,0.5331,0.253,410.0769231,80.77471394
tfl,tfl02,tfl02_l01,wet,27.746,0.71,0.2574,0.222,362.5352113,107.7933178
tfl,tfl02,tfl02_l02,wet,37.98,0.97,0.3173,0.223,327.1134021,119.6974472
tfl,tfl02,tfl02_l03,wet,30.334,0.8,0.2846,0.24,355.75,106.5846803
tfl,tfl02,tfl02_l04,wet,17.497,0.44,0.1548,0.209333333,351.8181818,113.0297158
tfl,tfl02,tfl02_l05,wet,50.996,1.33,0.4382,0.22,329.4736842,116.376084
twa,twa01,twa01_l01,dry,74.088,1.33,0.3362,0.161333333,252.7819549,220.3688281
twa,twa01,twa01_l02,dry,76.844,1.46,0.4186,0.167333333,286.7123288,183.5738175
twa,twa01,twa01_l03,dry,77.319,1.36,0.3596,0.162,264.4117647,215.0139043
twa,twa01,twa01_l04,dry,81.638,1.5,0.4038,0.168,269.2,202.1743437
twa,twa01,twa01_l05,dry,58.184,1.05,0.3895,0.162333333,370.952381,149.381258
twa,twa02,twa02_l01,dry,23.706,0.53,0.2066,0.203666667,389.8113208,114.7434656
twa,twa02,twa02_l02,dry,30.32,0.57,0.2209,0.179,387.5438596,137.2566772
twa,twa02,twa02_l03,dry,35.687,0.76,0.3211,0.194,422.5,111.1398318
twa,twa02,twa02_l04,dry,24.416,0.52,0.2021,0.192,388.6538462,120.8114795
twa,twa02,twa02_l05,dry,22.962,0.43,0.1495,0.173,347.6744186,153.5919732
twa,twa03,twa03_l01,dry,66.969,1.18,0.3235,0.145333333,274.1525424,207.0139104
twa,twa03,twa03_l02,dry,58.812,1.13,0.3381,0.158333333,299.2035398,173.9485359
twa,twa03,twa03_l03,dry,71.076,1.3,0.3866,0.151666667,297.3846154,183.8489395
twa,twa03,twa03_l04,dry,54.915,0.97,0.2881,0.153666667,297.0103093,190.610899
twa,twa03,twa03_l05,dry,46.386,0.9,0.283,0.161333333,314.4444444,163.9081272
tfl,tfl03,tfl03_l01,wet,46.567,0.5873,0.218,0.273,371.1901924,213.6100917
tfl,tfl03,tfl03_l02,wet,32.243,1.0668,0.4621,0.277666667,433.1646044,69.77494049
tfl,tfl03,tfl03_l03,wet,52.714,1.4403,0.6407,0.319,444.837881,82.27563602
tfl,tfl03,tfl03_l04,wet,57.728,1.5653,0.6751,0.265666667,431.2911263,85.51029477
tfl,tfl03,tfl03_l05,wet,59.297,1.7452,0.679,0.278,389.0671556,87.32989691
bbr,bbr02,bbr02_l01,wet,58.355,1.8065,0.5931,0.303333333,328.3144201,98.38981622
bbr,bbr02,bbr02_l02,wet,42.896,1.7128,0.5578,0.355,325.6655768,76.90211545
bbr,bbr02,bbr02_l03,wet,53.394,2.1406,0.7339,0.366,342.8477997,72.75378117
bbr,bbr02,bbr02_l04,wet,69.503,2.8202,0.9552,0.361666667,338.699383,72.76277219
bbr,bbr02,bbr02_l05,wet,89.442,2.8421,0.7467,0.335666667,262.7282643,119.7830454
pax,pax05,pax05_l01,wet,0,1.5312,0.6046,0.39,394.8537095,0
pax,pax05,pax05_l02,wet,0,1.6381,0.6775,0.422666667,413.588914,0
pax,pax05,pax05_l03,wet,0,1.4039,0.6012,0.394666667,428.2356293,0
pax,pax05,pax05_l04,wet,0,1.5571,0.6528,0.43,419.2408965,0
pax,pax05,pax05_l05,wet,0,1.8907,0.7752,0.358666667,410.0068758,0
gne,gne01,gne01_l01,dry,33.59,0.5391,0.2461,0.306333333,456.5015767,136.489232
gne,gne01,gne01_l02,dry,52.207,0.9242,0.3959,0.339333333,428.3704826,131.8691589
gne,gne01,gne01_l03,dry,76.366,1.5817,0.6483,0.374,409.8754505,117.7942311
gne,gne01,gne01_l04,dry,44.126,0.8356,0.3776,0.328333333,451.8908569,116.8591102
gne,gne01,gne01_l05,dry,75,1.298,0.5739,0.323666667,442.1417565,130.6847883
pec,pec05,pec05X_l01,wet,24.88,0.5611,0.1984,0.207666667,353.5911602,125.4032258
pec,pec05,pec05X_l02,wet,23.011,0.4845,0.1633,0.209666667,337.0485036,140.9124311
pec,pec05,pec05X_l03,wet,20.265,0.4217,0.1374,0.203666667,325.8240455,147.489083
pec,pec05,pec05X_l04,wet,21.046,0.4696,0.1591,0.221333333,338.7989779,132.2815839
pec,pec05,pec05X_l05,wet,21.466,0.459,0.1664,0.206666667,362.5272331,129.0024038
twa,twa05,twa05_l01,#N/A,8.625,0.2807,0.2124,0.137333333,756.6797292,40.60734463
twa,twa05,twa05_l02,#N/A,26.12,0.3349,0.1316,0.118666667,392.9531203,198.4802432
twa,twa05,twa05_l03,#N/A,33.979,0.5603,0.165,0.137333333,294.4850973,205.9333333
twa,twa05,twa05_l04,#N/A,33.14,0.5489,0.1659,0.134666667,302.2408453,199.7588909
twa,twa05,twa05_l05,#N/A,102.139,1.7976,0.5258,0.133333333,292.5011126,194.2544694
ppo,ppo04,ppo04_l01,dry,225.168,4.6,2.12,0.191666667,460.8695652,106.2113208
ppo,ppo04,ppo04_l02,dry,145.593,3.04,1.41,0.193666667,463.8157895,103.2574468
ppo,ppo04,ppo04_l03,dry,198.457,4.06,1.97,0.193333333,485.2216749,100.7395939
ppo,ppo04,ppo04_l04,dry,220.309,4.71,2.31,0.233333333,490.4458599,95.37186147
ppo,ppo04,ppo04_l05,dry,215.07,4.99,2.47,0.227333333,494.98998,87.07287449
ema,ema04,ema04_l01,dry,10.966,0.2607,0.1356,0.212,520.1380898,80.87020649
ema,ema04,ema04_l02,dry,15.55,0.3765,0.1975,0.22,524.5683931,78.73417722
ema,ema04,ema04_l03,dry,17.191,0.4503,0.2354,0.242666667,522.7626027,73.028887
ema,ema04,ema04_l04,dry,20.64,0.5327,0.2667,0.226,500.6570302,77.39032621
ema,ema04,ema04_l05,dry,23.235,0.5455,0.2785,0.222,510.5407883,83.42908438
ema,ema05,ema05_l01,dry,11.102,0.2714,0.1448,0.221666667,533.5298452,76.67127072
ema,ema05,ema05_l02,dry,11.871,0.2807,0.1433,0.207333333,510.5094407,82.84019539
ema,ema05,ema05_l03,dry,20.841,0.4494,0.228,0.194,507.3431242,91.40789474
ema,ema05,ema05_l04,dry,22.676,0.5091,0.2546,0.203,500.0982125,89.06520031
ema,ema05,ema05_l05,dry,24.368,0.5489,0.2801,0.203,510.2933139,86.99750089
kma,kma01,kma01_l01,dry,32.462,0.6449,0.2698,0.1565,418.3594356,120.3187546
kma,kma01,kma01_l02,dry,39.434,0.8168,0.3328,0.158666667,407.4436827,118.4915865
kma,kma01,kma01_l03,dry,44.667,0.8363,0.3635,0.158333333,434.6526366,122.8803301
kma,kma01,kma01_l04,dry,64.16,1.1936,0.4683,0.155333333,392.3424933,137.0061926
kma,kma01,kma01_l05,dry,60.364,1.0784,0.4168,0.145,386.4985163,144.8272553
ppi,ppi01,ppi01_l01,wet,471.071,7.3671,3.9967,0.148333333,542.5065494,117.8649886
ppi,ppi01,ppi01_l02,wet,569.355,10.4961,5.5542,0.179,529.1679767,102.5089122
ppi,ppi01,ppi01_l03,wet,363.705,5.7842,3.3198,0.163666667,573.9428097,109.5562986
ppi,ppi01,ppi01_l04,wet,479.808,10.114,5.4715,0.196,540.9827961,87.69222334
ppi,ppi01,ppi01_l05,wet,275.112,5.6456,3.0637,0.185666667,542.6703982,89.79730391
bpa,bpa03,bpa03_l01,wet,0,1.9718,0.8856,0.342,449.1327721,0
bpa,bpa03,bpa03_l02,wet,91.958,3.3063,1.3964,0.324,422.3452197,65.8536236
bpa,bpa03,bpa03_l03,wet,137.442,4.771,1.949,0.319333333,408.5097464,70.51924064
bpa,bpa03,bpa03_l04,wet,100.38,3.4089,1.4257,0.300333333,418.2287541,70.40751911
bpa,bpa03,bpa03_l05,wet,128.618,4.8332,2.1416,0.348333333,443.1018787,60.05696675
csq,csq01,csq01_l01,0,55.032,1.8797,0.809,0.320333333,430.3878278,68.02472188
csq,csq01,csq01_l02,0,61.462,2.314,1.0066,0.377,435.0043215,61.05901053
csq,csq01,csq01_l03,0,71.487,2.8372,1.166,0.379666667,410.9685606,61.30960549
csq,csq01,csq01_l04,0,127.881,4.8934,2.019,0.360333333,412.5965586,63.33878158
csq,csq01,csq01_l05,0,137.87,4.9394,2.0215,0.333666667,409.260234,68.20183032
gne,gne02,gne02_l01,dry,34.514,0.525,0.1953,0.342,372,176.7229903
gne,gne02,gne02_l02,dry,49.84,0.8628,0.3597,0.259333333,416.8984701,138.559911
gne,gne02,gne02_l03,dry,58.41,0.9246,0.4199,0.271,454.1423318,139.1045487
gne,gne02,gne02_l04,dry,71.507,1.2436,0.4804,0.256,386.297845,148.8488759
gne,gne02,gne02_l05,dry,73.263,1.2595,0.4608,0.234,365.859468,158.9908854
bpa,bpa04,bpa04_l01,wet,131.425,4.0385,1.5232,0.246666667,377.1697412,86.28216912
bpa,bpa04,bpa04_l02,wet,163.973,5.2481,1.8529,0.250666667,353.0611078,88.49533164
bpa,bpa04,bpa04_l03,wet,142.864,4.4076,1.6131,0.251,365.9814865,88.56487509
bpa,bpa04,bpa04_l04,wet,176.263,5.3797,2.0076,0.250333333,373.1806606,87.7978681
bpa,bpa04,bpa04_l05,wet,122.75,3.7279,1.3821,0.247333333,370.7449234,88.81412344
csq,csq02,csq02_l01,semi-dry,53.766,1.7406,0.6369,0.283,365.9083075,84.41827602
csq,csq02,csq02_l02,semi-dry,132.915,4.0007,1.3509,0.283333333,337.6659085,98.38996225
csq,csq02,csq02_l03,semi-dry,179.848,6.8903,2.5042,0.331,363.438457,71.81854484
csq,csq02,csq02_l04,semi-dry,129.135,4.3969,1.8089,0.299333333,411.4034888,71.38868926
csq,csq02,csq02_l05,semi-dry,244.636,9.9268,3.5703,0.344333333,359.6627312,68.51973224
ppo,ppo05,ppo05_l01,wet,135.839,2.6437,0.8781,0.199333333,332.1481257,154.6965038
ppo,ppo05,ppo05_l02,wet,165.591,3.1105,0.9773,0.186,314.1938595,169.437225
ppo,ppo05,ppo05_l03,wet,266.73,5.6251,1.7208,0.197,305.9145615,155.0034868
ppo,ppo05,ppo05_l04,wet,267.883,5.7249,1.7081,0.189666667,298.3632902,156.8309818
ppo,ppo05,ppo05_l05,wet,289.394,6.0793,1.949,0.198333333,320.5961213,148.4833248
hcr,hcr01,hcr01_l01,wet,61.387,3.099,0.8441,0.571333333,272.3781865,72.72479564
hcr,hcr01,hcr01_l02,wet,121.061,6.7424,2.1846,0.602333333,324.0092549,55.41563673
hcr,hcr01,hcr01_l03,wet,124.727,6.3053,2.1547,0.543,341.7283872,57.88601661
hcr,hcr01,hcr01_l04,wet,134.712,7.1964,2.3385,0.575333333,324.9541437,57.60615779
hcr,hcr01,hcr01_l05,wet,118.252,6.6862,2.1853,0.603666667,326.8373665,54.11247884
kma,kma02,kma02_l01,dry,19.225,0.4321,0.1913,0.202,442.7215922,100.4966022
kma,kma02,kma02_l02,dry,33.259,0.7821,0.4231,0.218,540.9794144,78.60789411
kma,kma02,kma02_l03,dry,48.651,1.0116,0.5182,0.19,512.2578094,93.88460054
kma,kma02,kma02_l04,dry,61.041,1.3979,0.6369,0.214666667,455.6119894,95.84079133
kma,kma02,kma02_l05,dry,69.204,1.4446,0.7017,0.191666667,485.7399972,98.62334331
asy,asy06,asy06_l01,wet,0,0,0,#DIV/0!,#DIV/0!,#DIV/0!
asy,asy06,asy06_l02,wet,0,0,0,#DIV/0!,#DIV/0!,#DIV/0!
asy,asy06,asy06_l03,wet,0,0,0,#DIV/0!,#DIV/0!,#DIV/0!
asy,asy06,asy06_l04,wet,0,0,0,#DIV/0!,#DIV/0!,#DIV/0!
asy,asy06,asy06_l05,wet,0,0,0,#DIV/0!,#DIV/0!,#DIV/0!
aan,aan01,aan01_l01,dry,17.107,0.3993,0.1475,0.233666667,369.3964438,115.979661
aan,aan01,aan01_l02,dry,47.408,1.1056,0.3929,0.217666667,355.3726483,120.661746
aan,aan01,aan01_l03,dry,58.707,1.3062,0.4593,0.228666667,351.6306844,127.8184193
aan,aan01,aan01_l04,dry,66.03,1.4286,0.5112,0.207666667,357.8328433,129.1666667
aan,aan01,aan01_l05,dry,85.458,2.0177,0.6898,0.222333333,341.8744115,123.8880835
spa,spa01,spa01x_l01,dry,24.11,0,0,0.392,#DIV/0!,#DIV/0!
spa,spa01,spa01x_l02,dry,23.638,0,0,0.350333333,#DIV/0!,#DIV/0!
spa,spa01,spa01x_l03,dry,26.642,0,0,0.390666667,#DIV/0!,#DIV/0!
spa,spa01,spa01x_l04,dry,37.27,0,0,0.354333333,#DIV/0!,#DIV/0!
spa,spa01,spa01x_l05,dry,60.71,0,0,0.355333333,#DIV/0!,#DIV/0!
aan,aan02,aan02_l01,dry,12.532,0.3726,0.1571,0.288,421.6317767,79.77084659
aan,aan02,aan02_l02,dry,17.081,0.5418,0.2099,0.29,387.4123293,81.37684612
aan,aan02,aan02_l03,dry,19.47,0.6311,0.257,0.285333333,407.2254793,75.75875486
aan,aan02,aan02_l04,dry,32.782,1.0773,0.4208,0.282333333,390.606145,77.9039924
aan,aan02,aan02_l05,dry,32.958,1.0821,0.4448,0.268666667,411.0525829,74.09622302
spa,spa02,spa02_l01,dry,0,0,0,#DIV/0!,#DIV/0!,#DIV/0!
spa,spa02,spa02_l02,dry,0,0,0,#DIV/0!,#DIV/0!,#DIV/0!
spa,spa02,spa02_l03,dry,0,0,0,#DIV/0!,#DIV/0!,#DIV/0!
spa,spa02,spa02_l04,dry,0,0,0,#DIV/0!,#DIV/0!,#DIV/0!
spa,spa02,spa02_l05,dry,0,0,0,#DIV/0!,#DIV/0!,#DIV/0!
asy,asy07,asy07_l01,dry,0,0.7635,0.2263,#DIV/0!,296.3981663,0
asy,asy07,asy07_l02,dry,0,0.6896,0.2039,#DIV/0!,295.6786543,0
asy,asy07,asy07_l03,dry,0,1.3073,0.3939,#DIV/0!,301.3080395,0
asy,asy07,asy07_l04,dry,0,0.5533,0.1863,#DIV/0!,336.7070305,0
asy,asy07,asy07_l05,dry,0,1.5152,0.4628,#DIV/0!,305.438226,0
rci,rci02,rci02_l01,dry,35.183,0.7343,0.418,0.188,569.2496255,84.16985646
rci,rci02,rci02_l02,dry,41.934,0.804,0.4682,0.182,582.3383085,89.56428877
rci,rci02,rci02_l03,dry,30.18,0.6686,0.3789,0.204333333,566.706551,79.65162312
rci,rci02,rci02_l04,dry,44.896,0.99,0.5401,0.194,545.5555556,83.12534716
rci,rci02,rci02_l05,dry,29.841,0.6309,0.3638,0.198666667,576.636551,82.02583837
rci,rci03,rci03_l01,dry,52.777,0.9376,0.5363,0.199333333,571.9923208,98.40947231
rci,rci03,rci03_l02,dry,32.43,0.5692,0.3129,0.185333333,549.7189037,103.6433365
rci,rci03,rci03_l03,dry,42.341,0.761,0.4021,0.183666667,528.3837057,105.2996767
rci,rci03,rci03_l04,dry,46.885,0.8587,0.4679,0.190666667,544.8934436,100.2030348
rci,rci03,rci03_l05,dry,19.258,0.3201,0.1663,0.168666667,519.5251484,115.8027661
rci,rci04,rci04_l01,dry,23.74,0.3738,0.1893,0.155,506.4205457,125.4094031
rci,rci04,rci04_l02,dry,24.021,0.5255,0.3049,0.231,580.2093245,78.78320761
rci,rci04,rci04_l03,dry,27.185,0.4202,0.1994,0.163666667,474.5359353,136.334002
rci,rci04,rci04_l04,dry,21.317,0.2653,0.1335,0.141333333,503.2039201,159.6779026
rci,rci04,rci04_l05,dry,25.361,0.4405,0.2171,0.194666667,492.8490352,116.817135
rci,rci05,rci05_l01,dry,35.027,0.597,0.3628,0.185,607.7051926,96.5463065
rci,rci05,rci05_l02,dry,28.464,0.5593,0.3522,0.197333333,629.7157161,80.81771721
rci,rci05,rci05_l03,dry,23.21,0.4229,0.2684,0.191333333,634.6654055,86.47540984
rci,rci05,rci05_l04,dry,23.072,0.3093,0.1996,0.156666667,645.3281604,115.5911824
rci,rci05,rci05_l05,dry,26.133,0.4509,0.2744,0.17,608.5606565,95.23688047
ema,ema01,ema01_l01,dry,14.463,0.3255,0.1685,0.184333333,517.6651306,85.83382789
ema,ema01,ema01_l02,dry,16.073,0.3386,0.1727,0.179,510.0413467,93.06890562
ema,ema01,ema01_l03,dry,21.299,0.4131,0.2107,0.159,510.0459937,101.0868533
ema,ema01,ema01_l04,dry,15.788,0.3245,0.1629,0.189333333,502.0030817,96.91835482
ema,ema01,ema01_l05,dry,17.31,0.3907,0.2001,0.188333333,512.1576657,86.50674663
ema,ema02,ema02_l01,dry,30.991,0.5254,0.2681,0.154333333,510.2778835,115.5949273
ema,ema02,ema02_l02,dry,24.982,0.4399,0.2261,0.161,513.9804501,110.4909332
ema,ema02,ema02_l03,dry,23.16,0.3577,0.18,0.140666667,503.2149846,128.6666667
ema,ema02,ema02_l04,dry,19.928,0.3112,0.1601,0.145333333,514.4601542,124.4722049
ema,ema02,ema02_l05,dry,29.657,0.5438,0.2808,0.178333333,516.3663111,105.6160969
ema,ema03,ema03_l01,dry,16.532,0.3163,0.1651,0.188333333,521.9728106,100.1332526
ema,ema03,ema03_l02,dry,20.391,0.3724,0.1889,0.186,507.2502685,107.9460032
ema,ema03,ema03_l03,dry,14.756,0.2658,0.1346,0.168,506.3957863,109.628529
ema,ema03,ema03_l04,dry,24.165,0.5212,0.2668,0.201333333,511.8956255,90.57346327
ema,ema03,ema03_l05,dry,16.279,0.2996,0.1553,0.161666667,518.3578104,104.8229234
ppo,ppo01,ppo01_l01,dry,206.3,4.5104,2.4539,0.213333333,544.0537425,84.07025551
ppo,ppo01,ppo01_l02,dry,114.125,2.9664,1.727,0.271,582.1871629,66.08280255
ppo,ppo01,ppo01_l03,dry,152.693,3.6452,2.0815,0.249333333,571.0249095,73.35719433
ppo,ppo01,ppo01_l04,dry,116.866,2.386,1.3104,0.204,549.2036882,89.18345543
ppo,ppo01,ppo01_l05,dry,108.907,2.8667,1.6321,0.260333333,569.3305892,66.72814166
ppo,ppo02,ppo02_l01,dry,115.729,3.0274,1.6125,0.234666667,532.6352646,71.76992248
ppo,ppo02,ppo02_l02,dry,133.726,2.6583,1.4186,0.226333333,533.6493248,94.26617792
ppo,ppo02,ppo02_l03,dry,186.879,3.1108,1.6079,0.228666667,516.8766877,116.2255115
ppo,ppo02,ppo02_l04,dry,170.669,3.7942,2.0098,0.218,529.7032312,84.91839984
ppo,ppo02,ppo02_l05,dry,142.32,4.2584,2.2678,0.214,532.5474357,62.75685687
twa,twa04,twa04_l01,dry,37.862,0.4928,0.2922,0.136,592.9383117,129.5756331
twa,twa04,twa04_l02,dry,42.38,0.4747,0.2864,0.128,603.3284179,147.9748603
twa,twa04,twa04_l03,dry,42.616,0.5911,0.3569,0.146666667,603.7895449,119.4059961
twa,twa04,twa04_l04,dry,47.007,0.6453,0.3757,0.144666667,582.2098249,125.1184456
twa,twa04,twa04_l05,dry,41.852,0.5119,0.2992,0.135,584.489158,139.8796791
asy,asy01,asy01_l01,dry,23.766,0.4608,0.136,0.189333333,295.1388889,174.75
asy,asy01,asy01_l02,dry,17.175,0.3225,0.1029,0.190666667,319.0697674,166.909621
asy,asy01,asy01_l03,dry,21.91,0.4383,0.1464,0.192,334.017796,149.6584699
asy,asy01,asy01_l04,dry,34.632,0.6207,0.1963,0.181333333,316.2558402,176.4238411
asy,asy01,asy01_l05,dry,30.837,0.6871,0.1889,0.219666667,274.9235919,163.2451032
mgi,mgi03,mgi03_l01,dry,590.022,9.6,5.9337,0.33,618.09375,99.43576521
mgi,mgi03,mgi03_l02,dry,1376.294,24.04,7.0116,0.206666667,291.6638935,196.2881511
mgi,mgi03,mgi03_l03,dry,1337.765,18.11,8.9154,0.242666667,492.2915516,150.0510353
mgi,mgi03,mgi03_l04,dry,1681.207,25.06,10.9393,0.26,436.5243416,153.6850621
mgi,mgi03,mgi03_l05,dry,1877.238,29.45,13.8441,0.279333333,470.0882852,135.5984138
hcr,hcr02,hcr02_l01,wet,154.303,7.1636,1.9323,0.472333333,269.7386789,79.85457745
hcr,hcr02,hcr02_l02,wet,162.247,7.2635,2.2408,0.459666667,308.5014112,72.4058372
hcr,hcr02,hcr02_l03,wet,158.539,7.8938,2.5495,0.491333333,322.974993,62.18434987
hcr,hcr02,hcr02_l04,wet,117.364,5.7631,1.7778,0.497,308.4798112,66.01642479
hcr,hcr02,hcr02_l05,wet,298.005,8.9525,2.8519,0.491333333,318.5590617,104.4934956
bpa,bpa01,bpa01_l01,dry,105.252,3.0817,1.2486,0.225666667,405.1659798,84.29601153
bpa,bpa01,bpa01_l02,dry,218.197,6.9022,2.6809,0.230333333,388.4123903,81.38945876
bpa,bpa01,bpa01_l03,dry,123.819,3.6453,1.3645,0.216,374.3176145,90.74312935
bpa,bpa01,bpa01_l04,dry,101.628,3.0976,1.2034,0.230333333,388.4943182,84.45072295
bpa,bpa01,bpa01_l05,dry,144.192,4.4125,1.7079,0.241333333,387.0594901,84.42648867
bpa,bpa02,bpa02_l01,dry,88.12,2.5206,0.9555,0.240666667,379.0764104,92.22396651
bpa,bpa02,bpa02_l02,dry,76.052,2.1928,0.7441,0.235,339.3378329,102.2066926
bpa,bpa02,bpa02_l03,dry,104.682,3.1937,1.1435,0.264666667,358.0486583,91.54525579
bpa,bpa02,bpa02_l04,dry,146.21,4.8755,1.8315,0.269333333,375.6537791,79.83073983
bpa,bpa02,bpa02_l05,dry,185.154,6.2072,2.4479,0.303,394.3646088,75.6378937
mre,mre04,mre04_l01,wet,118.884,3.6263,1.6725,0.277,461.2139095,71.08161435
mre,mre04,mre04_l02,wet,280.342,6.746,2.9164,0.240666667,432.3154462,96.12604581
mre,mre04,mre04_l03,wet,318.637,8.3632,3.9015,0.248666667,466.5080352,81.67038319
mre,mre04,mre04_l04,wet,262.174,7.3432,3.3039,0.252,449.9264626,79.35288598
mre,mre04,mre04_l05,wet,206.925,5.3289,2.2192,0.251,416.4461709,93.24306056
afr,afr02,afr02_l01,dry,20.199,0.3327,0.0622,0.161333333,186.9552149,324.7427653
afr,afr02,afr02_l02,dry,26.148,0.444,0.0917,0.165333333,206.5315315,285.1472192
afr,afr02,afr02_l03,dry,28.496,0.5053,0.1047,0.173,207.2036414,272.1680993
afr,afr02,afr02_l04,dry,28.638,0.4945,0.0998,0.173,201.8200202,286.9539078
afr,afr02,afr02_l05,dry,23.213,0.3995,0.077,0.169666667,192.7409262,301.4675325
csq,csq03,csq03_l01,dry,211.158,7.1657,3.1596,0.326666667,440.9338934,66.83061147
csq,csq03,csq03_l02,dry,116.341,3.51,1.5171,0.279666667,432.2222222,76.68644124
csq,csq03,csq03_l03,dry,206.315,7.5517,3.2276,0.328666667,427.4004529,63.92210931
csq,csq03,csq03_l04,dry,177.897,7.13,2.5216,0.293,353.6605891,70.54925444
csq,csq03,csq03_l05,dry,205.121,5.8856,3.0444,0.309666667,517.2624711,67.37649455
xfl,xfl01,xfl01_l01,dry,58.054,1.1992,0.466,0.217333333,388.5923949,124.5793991
xfl,xfl01,xfl01_l02,dry,47.644,0.9928,0.3762,0.220666667,378.9282836,126.6454014
xfl,xfl01,xfl01_l03,dry,37.666,0.8958,0.3343,0.253666667,373.185979,112.6712534
xfl,xfl01,xfl01_l04,dry,34.049,0.8742,0.3499,0.252666667,400.2516587,97.31066019
xfl,xfl01,xfl01_l05,dry,32.562,0.7611,0.3129,0.231333333,411.1154907,104.0651965
sce,sce01,sce01_l01,wet,28.839,0.8905,0.254,0.278666667,285.2330152,113.5393701
sce,sce01,sce01_l02,wet,59.377,1.8792,0.5331,0.274333333,283.6845466,111.380604
sce,sce01,sce01_l03,wet,60.892,1.9687,0.5823,0.299666667,295.7789404,104.5715267
sce,sce01,sce01_l04,wet,43.595,1.3557,0.3978,0.285666667,293.4277495,109.5902464
sce,sce01,sce01_l05,wet,49.401,1.4935,0.3898,0.281,260.9976565,126.7342227
afr,afr03,afr03_l01,dry,15.361,0.3166,0.1356,0.225333333,428.3006949,113.2817109
afr,afr03,afr03_l02,dry,20.701,0.4316,0.1764,0.222333333,408.7117702,117.3526077
afr,afr03,afr03_l03,dry,20.352,0.4134,0.1586,0.212,383.6477987,128.3228247
afr,afr03,afr03_l04,dry,25.973,0.4383,0.2199,0.219333333,501.7111567,118.1127785
afr,afr03,afr03_l05,dry,19.228,0.3787,0.1529,0.214333333,403.7496699,125.7553957
gpa,gpa02,gpa02_l01,dry,12.317,0.3614,0.1194,0.279666667,330.3818484,103.1574539
gpa,gpa02,gpa02_l02,dry,11.769,0.3974,0.1166,0.311333333,293.4071465,100.9348199
gpa,gpa02,gpa02_l03,dry,8.795,0.2496,0.0821,0.279666667,328.9262821,107.1254568
gpa,gpa02,gpa02_l04,dry,10.879,0.3517,0.1184,0.307333333,336.6505544,91.88344595
gpa,gpa02,gpa02_l05,dry,9.205,0.3019,0.093,0.307,308.0490229,98.97849462
hcr,hcr03,hcr03_l01,wet,96.477,4.5881,1.8412,0.465333333,401.2990127,52.39897893
hcr,hcr03,hcr03_l02,wet,136.066,6.4442,2.4973,0.478333333,387.5267683,54.48524406
hcr,hcr03,hcr03_l03,wet,153.327,6.688,2.3635,0.434333333,353.3941388,64.87285805
hcr,hcr03,hcr03_l04,wet,127.315,6.3634,2.6376,0.490333333,414.4953955,48.26925993
hcr,hcr03,hcr03_l05,wet,141.64,6.8196,2.7411,0.472,401.9443956,51.67268615
xfl,xfl02,xfl02_l01,dry,101.095,2.389,1.239,0.254,518.6270406,81.59402744
xfl,xfl02,xfl02_l02,dry,73.068,1.6206,0.8488,0.261,523.7566333,86.08388313
xfl,xfl02,xfl02_l03,dry,80.612,1.9881,0.9248,0.282666667,465.1677481,87.16695502
xfl,xfl02,xfl02_l04,dry,93.817,1.805,0.9937,0.254333333,550.5263158,94.4117943
xfl,xfl02,xfl02_l05,dry,79.253,1.6646,0.573,0.239,344.2268413,138.3123909
mbe,mbe01,mbe01_l01,wet,233.691,5.5419,2.5137,0.238333333,453.5809019,92.96694116
mbe,mbe01,mbe01_l02,wet,121.029,2.45,1.1152,0.190333333,455.1836735,108.5267217
mbe,mbe01,mbe01_l03,wet,152.777,3.5007,1.7696,0.211,505.4989002,86.33419982
mbe,mbe01,mbe01_l04,wet,166.281,3.9407,1.793,0.236666667,454.9953054,92.73898494
mbe,mbe01,mbe01_l05,wet,235.079,5.6045,2.7542,0.238,491.4265323,85.35291555
afr,afr04,afr04_l01,dry,19.754,0.3968,0.1537,0.212,387.3487903,128.5230969
afr,afr04,afr04_l02,dry,14.21,0.2514,0.0828,0.184333333,329.3556086,171.6183575
afr,afr04,afr04_l03,dry,15.867,0.3147,0.1295,0.200666667,411.5030187,122.5250965
afr,afr04,afr04_l04,dry,16.755,0.3034,0.1018,0.178333333,335.5306526,164.5874263
afr,afr04,afr04_l05,dry,15.002,0.308,0.1255,0.215,407.4675325,119.5378486
pax,pax06,pax06_l01,dry,89.637,2.7912,0.8943,0.325,320.399828,100.231466
pax,pax06,pax06_l02,dry,93.419,3.194,1.0304,0.318,322.6048842,90.66284938
pax,pax06,pax06_l03,dry,79.441,2.6431,0.834,0.329333333,315.5385721,95.2529976
pax,pax06,pax06_l04,dry,86.776,3.0493,1.026,0.34,336.4706654,84.57699805
pax,pax06,pax06_l05,dry,89.733,2.7993,0.7441,0.316666667,265.8164541,120.5926623
acl,acl01,acl01_l01,dry,439.328,7.0004,2.5958,0.161333333,370.8073824,169.2457046
acl,acl01,acl01_l02,dry,223.643,3.7038,1.5092,0.162333333,407.4734057,148.1864564
acl,acl01,acl01_l03,dry,398.227,5.8664,2.2482,0.147333333,383.2333288,177.131483
acl,acl01,acl01_l04,dry,712.011,12.025,4.869,0.167333333,404.9064449,146.2335182
acl,acl01,acl01_l05,dry,542.106,8.3068,3.2355,0.148,389.5001685,167.5493741
csq,csq04,csq04_l01,dry,0,0,0,#DIV/0!,#DIV/0!,#DIV/0!
csq,csq04,csq04_l02,dry,0,0,0,#DIV/0!,#DIV/0!,#DIV/0!
csq,csq04,csq04_l03,dry,0,0,0,#DIV/0!,#DIV/0!,#DIV/0!
csq,csq04,csq04_l04,dry,0,0,0,#DIV/0!,#DIV/0!,#DIV/0!
csq,csq04,csq04_l05,dry,0,0,0,#DIV/0!,#DIV/0!,#DIV/0!
gne,gne03,gne03_l01,dry,49.1,0.8697,0.3788,0.257,435.5524894,129.6198522
gne,gne03,gne03_l02,dry,59.602,0.8826,0.3755,0.200666667,425.4475414,158.7270306
gne,gne03,gne03_l03,dry,41.387,0.639,0.2608,0.236333333,408.1377152,158.6924847
gne,gne03,gne03_l04,dry,66.834,1.1873,0.538,0.240666667,453.128948,124.2267658
gne,gne03,gne03_l05,dry,60.02,1.3549,0.5649,0.236,416.9311388,106.2488936
asy,asy02,asy02_l01,dry,37.618,0.6717,0.1796,0.161333333,267.3812714,209.454343
asy,asy02,asy02_l02,dry,29.764,0.4896,0.1121,0.140666667,228.9624183,265.5129349
asy,asy02,asy02_l03,dry,46.592,0.8033,0.1835,0.152,228.4327151,253.9073569
asy,asy02,asy02_l04,dry,39.141,0.7182,0.1978,0.162666667,275.4107491,197.8816987
asy,asy02,asy02_l05,dry,40.318,0.697,0.1621,0.147666667,232.5681492,248.7230105
asy,asy03,asy03_l01,dry,29.897,0.5492,0.1389,0.167666667,252.9133285,215.2411807
asy,asy03,asy03_l02,dry,39.515,0.7655,0.2241,0.186666667,292.7498367,176.3275324
asy,asy03,asy03_l03,dry,34.836,0.6519,0.175,0.172333333,268.4460807,199.0628571
asy,asy03,asy03_l04,dry,30.001,0.5511,0.1531,0.174333333,277.8080203,195.9568909
asy,asy03,asy03_l05,dry,30.316,0.5484,0.1442,0.168333333,262.9467542,210.2357836
acl,acl02,acl02_l01,dry,428.672,6.9747,2.7847,0.152666667,399.2573157,153.9383057
acl,acl02,acl02_l02,dry,308.669,4.1351,1.6725,0.153333333,404.4642209,184.5554559
acl,acl02,acl02_l03,dry,330.918,4.8543,1.8576,0.171,382.6710339,178.1427649
acl,acl02,acl02_l04,dry,555.245,7.8969,3.2703,0.170666667,414.1245299,169.7841177
acl,acl02,acl02_l05,dry,288.166,4.5526,1.9314,0.171333333,424.241093,149.2005799
asy,asy04,asy04_l01,dry,27.931,0.5442,0.1338,0.17,245.8654906,208.7518685
asy,asy04,asy04_l02,dry,28.721,0.5817,0.157,0.178,269.8985731,182.9363057
asy,asy04,asy04_l03,dry,35.742,0.722,0.1866,0.17,258.4487535,191.5434084
asy,asy04,asy04_l04,dry,26.107,0.4346,0.1038,0.145,238.8403129,251.5125241
asy,asy04,asy04_l05,dry,27.343,0.4386,0.1002,0.142,228.4541724,272.8842315
asy,asy05,asy05_l01,dry,44.896,0.7333,0.2106,0.150666667,287.1948725,213.1813865
asy,asy05,asy05_l02,dry,38.999,0.6995,0.241,0.175666667,344.5318084,161.8215768
asy,asy05,asy05_l03,dry,42.945,0.7485,0.2212,0.148,295.5243821,194.1455696
asy,asy05,asy05_l04,dry,39.914,0.8065,0.2736,0.157333333,339.2436454,145.8845029
asy,asy05,asy05_l05,dry,46.225,0.9898,0.3419,0.172666667,345.4233178,135.200351
ppo,ppo03,ppo03_l01,dry,343.129,7.1239,2.5042,0.220666667,351.5209366,137.021404
ppo,ppo03,ppo03_l02,dry,277.676,5.6952,2.403,0.217666667,421.9342604,115.553891
ppo,ppo03,ppo03_l03,dry,265.548,5.1675,2.1205,0.208666667,410.3531688,125.2289554
ppo,ppo03,ppo03_l04,dry,296.466,6.1338,2.5814,0.219,420.8484137,114.8469823
ppo,ppo03,ppo03_l05,dry,296.101,5.9837,2.0961,0.215666667,350.3016528,141.2628214
twa,twa06,twa06_l01,dry,60.842,0.9936,0.2051,0.105,206.421095,296.6455388
twa,twa06,twa06_l02,dry,77.116,1.1084,0.3021,0.111666667,272.5550343,255.2664681
twa,twa06,twa06_l03,dry,71.888,1.0436,0.2792,0.119666667,267.5354542,257.47851
twa,twa06,twa06_l04,dry,69.319,0.9739,0.2656,0.092666667,272.7179382,260.9902108
twa,twa06,twa06_l05,dry,77.87,1.1064,0.298,0.093333333,269.3420101,261.3087248
bbr,bbr03,bbr03_l01,wet,57.294,1.7882,0.5656,0.328333333,316.2957164,101.2977369
bbr,bbr03,bbr03_l02,wet,55.098,2.1856,0.7447,0.367,340.7302343,73.98684034
bbr,bbr03,bbr03_l03,wet,50.708,1.448,0.563,0.359666667,388.8121547,90.06749556
bbr,bbr03,bbr03_l04,wet,84.168,2.2428,0.7521,0.319,335.3397539,111.9106502
bbr,bbr03,bbr03_l05,wet,69.769,1.9499,0.653,0.328,334.8889687,106.8437979
mbe,mbe02,mbe02_l01,wet,173.775,5.3875,2.0548,0.276333333,381.4013921,84.57027448
mbe,mbe02,mbe02_l02,wet,212.257,7.0599,2.7676,0.292333333,392.0168841,76.69352508
mbe,mbe02,mbe02_l03,wet,184.336,4.997,1.9727,0.307,394.7768661,93.44350383
mbe,mbe02,mbe02_l04,wet,169.829,5.7328,2.401,0.296333333,418.8180296,70.73261141
mbe,mbe02,mbe02_l05,wet,164.257,6.3031,2.4757,0.271,392.7749837,66.34769964
mre,mre05,mre05_l01,wet,291.156,7.6325,3.0724,0.230333333,402.5417622,94.76500456
mre,mre05,mre05_l02,wet,284.475,8.0545,3.465,0.256666667,430.1943013,82.0995671
mre,mre05,mre05_l03,wet,237.715,5.7703,2.5235,0.218666667,437.3256157,94.20051516
mre,mre05,mre05_l04,wet,349.393,10.57,4.65,0.272333333,439.9243141,75.13827957
mre,mre05,mre05_l05,wet,392.368,11.0011,4.971,0.249,451.8639045,78.93140213
mbe,mbe03,mbe03_l01,wet,208.172,6.8005,2.6562,0.311333333,390.5889273,78.37211053
mbe,mbe03,mbe03_l02,wet,162.828,4.8866,1.8854,0.278,385.8306389,86.36257558
mbe,mbe03,mbe03_l03,wet,233.445,7.5241,2.9114,0.311666667,386.9432889,80.18307344
mbe,mbe03,mbe03_l04,wet,238.653,7.9178,3.0587,0.317,386.3068024,78.02432406
mbe,mbe03,mbe03_l05,wet,213.008,7.6007,2.9753,0.325666667,391.4507874,71.59210836
hcr,hcr04,hcr04_l01,wet,90.877,4.8183,1.8029,0.528,374.1776145,50.40601254
hcr,hcr04,hcr04_l02,wet,51.332,2.5682,0.9386,0.524,365.469979,54.68996378
hcr,hcr04,hcr04_l03,wet,130.605,6.8294,2.6571,0.529,389.0678537,49.15321215
hcr,hcr04,hcr04_l04,wet,101.386,5.5847,2.1139,0.556666667,378.5163035,47.96158759
hcr,hcr04,hcr04_l05,wet,80.266,4.3707,1.8502,0.554666667,423.3189192,43.38233704
pco,pco04,pco04_l01,wet,68.329,1.8885,0.5662,0.262333333,299.8146677,120.6799717
pco,pco04,pco04_l02,wet,80.914,2.4663,0.7715,0.293666667,312.8167701,104.8788075
pco,pco04,pco04_l03,wet,68.419,2.3574,0.7719,0.314,327.4370069,88.63712916
pco,pco04,pco04_l04,wet,43.588,1.1884,0.3355,0.261333333,282.3123527,129.9195231
pco,pco04,pco04_l05,wet,59.116,1.56,0.4537,0.257,290.8333333,130.2975534
mbe,mbe04,mbe04_l01,wet,247.593,11.0357,4.6466,0.376,421.0516777,53.28476736
mbe,mbe04,mbe04_l02,wet,149.432,5.2662,2.3162,0.327,439.8237819,64.51601762
mbe,mbe04,mbe04_l03,wet,205.524,6.7692,2.5902,0.307333333,382.6449211,79.34676859
mbe,mbe04,mbe04_l04,wet,226.54,8.4168,3.5397,0.364666667,420.5517536,63.99977399
mbe,mbe04,mbe04_l05,wet,175.9,7.016,3.093,0.383,440.8494869,56.87035241
ppi,ppi02,ppi02_l01,wet,384.067,7.943,4.0313,0.180333333,507.5286416,95.27125245
ppi,ppi02,ppi02_l02,wet,852.412,17.3016,8.8144,0.203666667,509.4557729,96.70675259
ppi,ppi02,ppi02_l03,wet,559.339,11.1555,5.7925,0.175666667,519.2505939,96.56262408
ppi,ppi02,ppi02_l04,wet,434.337,8.1795,4.2014,0.160333333,513.6499786,103.3791117
ppi,ppi02,ppi02_l05,wet,413.992,7.6384,4.0373,0.170333333,528.5531001,102.5417977
bbr,bbr04,bbr04_l01,wet,121.547,3.461,1.0528,0.239333333,304.1895406,115.4511778
bbr,bbr04,bbr04_l02,wet,155.774,4.9866,1.5989,0.260333333,320.6393134,97.42573019
bbr,bbr04,bbr04_l03,wet,133.689,3.9822,1.0707,0.255333333,268.8714781,124.8613057
bbr,bbr04,bbr04_l04,wet,124.952,3.6291,1.0147,0.25,279.601003,123.1418153
bbr,bbr04,bbr04_l05,wet,98.908,3.051,0.9835,0.271666667,322.3533268,100.5673615
hcr,hcr05,hcr05_l01,dry,119.937,6.1054,1.7538,0.535,287.2539064,68.38693124
hcr,hcr05,hcr05_l02,dry,114.561,6.4608,1.884,0.6,291.6047548,60.80732484
hcr,hcr05,hcr05_l03,dry,132.995,6.85,2.0217,0.555,295.1386861,65.78374635
hcr,hcr05,hcr05_l04,dry,119.189,6.1716,1.772,0.513,287.121654,67.26241535
hcr,hcr05,hcr05_l05,dry,112.797,5.952,1.8128,0.546,304.5698925,62.22252868
mbe,mbe05,mbe05_l01,wet,165.705,4.8743,1.7826,0.252,365.7140512,92.95691686
mbe,mbe05,mbe05_l02,wet,191.244,5.9194,2.2792,0.266333333,385.0390242,83.90838891
mbe,mbe05,mbe05_l03,wet,133.861,3.6862,1.4235,0.235666667,386.1700396,94.03652968
mbe,mbe05,mbe05_l04,wet,171.96,5.4483,2.1078,0.273666667,386.8729696,81.58269286
mbe,mbe05,mbe05_l05,wet,215.18,6.3745,2.3309,0.245666667,365.6600518,92.31627268
twa,twa07,twa07_l01,dry,63.404,1.2147,0.441,0.181,363.0526056,143.7732426
twa,twa07,twa07_l02,dry,57.334,1.123,0.4182,0.182333333,372.3953695,137.0970827
twa,twa07,twa07_l03,dry,37.367,0.7213,0.2688,0.179,372.6604741,139.0141369
twa,twa07,twa07_l04,dry,36.954,0.6136,0.2099,0.169,342.0795306,176.0552644
twa,twa07,twa07_l05,dry,55.592,1.0683,0.3971,0.178666667,371.7120659,139.9949635
tfl,tfl04,tfl04_l01,wet,61.015,1.4337,0.5575,0.231666667,388.8540141,109.4439462
tfl,tfl04,tfl04_l02,wet,49.007,1.1312,0.408,0.222333333,360.678925,120.1151961
tfl,tfl04,tfl04_l03,wet,42.799,1.018,0.3848,0.218333333,377.9960707,111.2240125
tfl,tfl04,tfl04_l04,wet,39.405,0.8332,0.3019,0.208333333,362.3379741,130.5233521
tfl,tfl04,tfl04_l05,wet,21.691,0.4519,0.162,0.214666667,358.4863908,133.8950617
tfl,tfl05,tfl05_l01,wet,28.828,0.6289,0.2272,0.192,361.265702,126.8838028
tfl,tfl05,tfl05_l02,wet,35.472,0.8365,0.2876,0.225333333,343.8135087,123.3379694
tfl,tfl05,tfl05_l03,wet,32.788,0.7491,0.2368,0.21,316.1126685,138.4628378
tfl,tfl05,tfl05_l04,wet,23.835,0.4753,0.1617,0.195666667,340.2061856,147.4025974
tfl,tfl05,tfl05_l05,wet,35.432,0.7677,0.3386,0.200333333,441.0577048,104.6426462
pec,pec05,pec05_l01,wet,26.268,0.4828,0.1393,0.163666667,288.5252693,188.5714286
pec,pec05,pec05_l02,wet,33.419,0.7647,0.2658,0.195666667,347.5872891,125.7298721
pec,pec05,pec05_l03,wet,30.452,0.6651,0.2208,0.186666667,331.9801534,137.9166667
pec,pec05,pec05_l04,wet,27.885,0.5769,0.1853,0.174,321.1995146,150.4856989
pec,pec05,pec05_l05,wet,28.155,0.6283,0.215,0.186333333,342.1932198,130.9534884
pco,pco05,pco05_l01,wet,57.024,1.3392,0.5544,0.253333333,413.9784946,102.8571429
pco,pco05,pco05_l02,wet,59.143,1.2899,0.4386,0.231,340.0263586,134.8449612
pco,pco05,pco05_l03,wet,53.126,1.2037,0.4165,0.226666667,346.0164493,127.5534214
pco,pco05,pco05_l04,wet,43.491,1.0283,0.3259,0.243666667,316.9308568,133.4489107
pco,pco05,pco05_l05,wet,59.473,1.3761,0.5618,0.243666667,408.255214,105.8615166
afr,afr05,afr05_l01,dry,26.401,0.4351,0.069,0.162,158.5842335,382.6231884
afr,afr05,afr05_l02,dry,20.656,0.3783,0.0773,0.176333333,204.3351837,267.2186287
afr,afr05,afr05_l03,dry,21.908,0.3862,0.12,0.171,310.7198343,182.5666667
afr,afr05,afr05_l04,dry,23.287,0.3788,0.1238,0.160333333,326.8215417,188.1017771
afr,afr05,afr05_l05,dry,20.808,0.3713,0.1144,0.164333333,308.1066523,181.8881119
mba,mba05,mba05_l01,dry,412.016,5.8142,2.7485,0.178,472.7219566,149.9057668
mba,mba05,mba05_l02,dry,408.111,5.5414,2.7368,0.186666667,493.8824124,149.1197749
mba,mba05,mba05_l03,dry,501.585,6.8459,3.4498,0.184,503.9220555,145.3953852
mba,mba05,mba05_l04,dry,358.19,5.266,2.4767,0.181,470.3190277,144.6238947
mba,mba05,mba05_l05,dry,248.232,3.573,1.8274,0.195333333,511.4469633,135.8388968
mba,mba03,mba03_l01,dry,233.104,4.3828,2.3634,0.274666667,539.2443187,98.63078616
mba,mba03,mba03_l02,dry,201.982,3.5209,1.7794,0.240333333,505.3821466,113.5112959
mba,mba03,mba03_l03,dry,283.748,4.8741,2.4807,0.24,508.9554995,114.3822308
mba,mba03,mba03_l04,dry,398.838,6.4735,3.1852,0.207666667,492.0367653,125.215999
mba,mba03,mba03_l05,dry,328.027,5.2024,2.4035,0.208333333,461.9983085,136.478885
mba,mba04,mba04_l01,dry,152.549,1.8606,0.9176,0.176333333,493.1742449,166.2478204
mba,mba04,mba04_l02,dry,395.161,6.8887,2.6677,0.223333333,387.2573925,148.1279754
mba,mba04,mba04_l03,dry,444.365,8.4731,2.9006,0.233,342.330434,153.1976143
mba,mba04,mba04_l04,dry,377.703,6.2684,2.9836,0.216,475.9747304,126.593042
mba,mba04,mba04_l05,dry,337.133,5.9674,2.5983,0.221333333,435.415759,129.7513759
mgi,mgi05,mgi05_l01,dry,1791.863,40.874,15.961,0.368666667,390.4927338,112.2650836
mgi,mgi05,mgi05_l02,dry,1118.254,23.3607,10.1419,0.332333333,434.1436686,110.2607993
mgi,mgi05,mgi05_l03,dry,1217.841,23.712,10.9171,0.325666667,460.4040148,111.5535261
mgi,mgi05,mgi05_l04,dry,1495.532,38.1992,16.7529,0.399333333,438.5667763,89.27003683
mgi,mgi05,mgi05_l05,dry,1809.052,33.8513,19.6493,0.292666667,580.4592438,92.06699475
kma,kma03,kma03_l01,dry,44.566,0.9647,0.3736,0.178,387.2706541,119.2880086
kma,kma03,kma03_l02,dry,61.159,1.2832,0.5266,0.176666667,410.3802993,116.1393847
kma,kma03,kma03_l03,dry,69.028,1.5033,0.6155,0.171,409.4325817,112.149472
kma,kma03,kma03_l04,dry,74.056,1.5237,0.6116,0.17,401.39135,121.0856769
kma,kma03,kma03_l05,dry,132.701,2.6304,1.0765,0.168666667,409.2533455,123.270785
mgi,mgi04,mgi04_l01,dry,1644.409,32.1421,14.3062,#DIV/0!,445.0922622,114.9438006
mgi,mgi04,mgi04_l02,dry,1141.341,23.3905,10.2445,#DIV/0!,437.9769565,111.4101225
mgi,mgi04,mgi04_l03,dry,1301.733,23.1114,11.2448,#DIV/0!,486.5477643,115.7631083
mgi,mgi04,mgi04_l04,dry,1151.076,22.6712,12.2893,#DIV/0!,542.0665867,93.66489548
mgi,mgi04,mgi04_l05,dry,1503.71,25.932,14.9268,#DIV/0!,575.6131421,100.7389394
xfl,xfl03,xfl03_l01,dry,60.317,1.1877,0.4203,0.233,353.8772417,143.509398
xfl,xfl03,xfl03_l02,dry,69.854,1.3909,0.5168,0.224333333,371.557984,135.1664087
xfl,xfl03,xfl03_l03,dry,74.524,1.5178,0.5136,0.240666667,338.3845039,145.1012461
xfl,xfl03,xfl03_l04,dry,90.726,1.7434,0.5623,0.218666667,322.5306872,161.3480349
xfl,xfl03,xfl03_l05,dry,98.839,1.8564,0.7386,0.211333333,397.866839,133.819388
xfl,xfl04,xfl04_l01,wet,23.665,0.6501,0.213,0.303666667,327.6419012,111.1032864
xfl,xfl04,xfl04_l02,wet,29.181,0.6631,0.2775,0.242666667,418.4889157,105.1567568
xfl,xfl04,xfl04_l03,,24.531,0.5184,0.2173,0.218666667,419.1743827,112.8900138
xfl,xfl04,xfl04_l04,,34.337,0.9178,0.3228,0.286,351.7106123,106.3723668
xfl,xfl04,xfl04_l05,,71.474,1.8552,0.5985,0.283666667,322.606727,119.4218881
xfl,xfl05,xfl05_l01,,29.16,0.6001,0.2272,0.220666667,378.6035661,128.3450704
xfl,xfl05,xfl05_l02,,50.491,1.1243,0.4042,0.241333333,359.5125856,124.9158832
xfl,xfl05,xfl05_l03,,30.749,0.7791,0.3073,0.276666667,394.4294699,100.0618288
xfl,xfl05,xfl05_l04,,35.833,0.822,0.3243,0.236666667,394.5255474,110.4933703
xfl,xfl05,xfl05_l05,,33.769,0.8388,0.3452,0.263666667,411.5402957,97.82444959
aan,aan03,aan03_l01,,41.75,1.3712,0.5142,0.279333333,375,81.1940879
aan,aan03,aan03_l02,,38.978,1.328,0.4997,0.278666667,376.2801205,78.00280168
aan,aan03,aan03_l03,,46.486,1.5126,0.6191,0.264333333,409.2952532,75.08641576
aan,aan03,aan03_l04,,37.775,1.2181,0.4955,0.268,406.7810525,76.23612513
aan,aan03,aan03_l05,,39.398,1.2468,0.5149,0.269666667,412.9772217,76.51582832
aan,aan04,aan04_l01,,31.724,0.9108,0.3763,0.236666667,413.1532718,84.30507574
aan,aan04,aan04_l02,,23.381,0.7174,0.334,0.244333333,465.5701143,70.00299401
aan,aan04,aan04_l03,,22.415,0.6314,0.265,0.228,419.702249,84.58490566
aan,aan04,aan04_l04,,13.579,0.3969,0.1679,0.248,423.0284706,80.87552114
aan,aan04,aan04_l05,,12.529,0.3328,0.1407,0.224,422.7764423,89.04761905
aan,aan05,aan05_l01,,16.885,0.5237,0.1938,0.348,370.0591942,87.12590299
aan,aan05,aan05_l02,,14.625,0.4615,0.1633,0.333333333,353.8461538,89.55909369
aan,aan05,aan05_l03,,15.794,0.4524,0.1792,0.277666667,396.1096375,88.13616071
aan,aan05,aan05_l04,,18.722,0.6253,0.2289,0.316333333,366.0642891,81.79117519
aan,aan05,aan05_l05,,28.902,0.8922,0.3593,0.291666667,402.7123963,80.43974395
bbr,bbr05,bbr05_l01,,66.515,1.8415,0.5689,0.285666667,308.9329351,116.9186149
bbr,bbr05,bbr05_l02,,78.107,2.0959,0.7436,0.286333333,354.7879193,105.0389995
bbr,bbr05,bbr05_l03,,77.094,2.1441,0.6023,0.283333333,280.9104053,127.9993359
bbr,bbr05,bbr05_l04,,121.39,3.2872,0.9717,0.282666667,295.6011195,124.9253885
bbr,bbr05,bbr05_l05,,98.453,2.6964,0.847,0.291,314.1225337,116.2373081
hcr,hcr06,hcr06_l01,,0,0,0,#DIV/0!,#DIV/0!,#DIV/0!
hcr,hcr06,hcr06_l02,,0,0,0,#DIV/0!,#DIV/0!,#DIV/0!
hcr,hcr06,hcr06_l03,,0,0,0,#DIV/0!,#DIV/0!,#DIV/0!
hcr,hcr06,hcr06_l04,,0,0,0,#DIV/0!,#DIV/0!,#DIV/0!
hcr,hcr06,hcr06_l05,,0,0,0,#DIV/0!,#DIV/0!,#DIV/0!
sce,sce02,sce02_l01,,123.56,3.6288,1.3403,0.276333333,369.3507496,92.18831605
sce,sce02,sce02_l02,,111.273,3.164,1.2366,0.273,390.8343869,89.98301795
sce,sce02,sce02_l03,,149.016,4.6635,1.7263,0.299666667,370.1726171,86.32103342
sce,sce02,sce02_l04,,159.393,4.7215,1.836,0.284,388.8594726,86.81535948
sce,sce02,sce02_l05,,169.16,4.943,1.8493,0.275333333,374.1250253,91.47244903
sce,sce03,sce03_l01,,20.83,0.6397,0.2539,0.3,396.9047991,82.0401733
sce,sce03,sce03_l02,,28.735,0.8202,0.3076,0.273333333,375.0304804,93.41677503
sce,sce03,sce03_l03,,35.168,1.0204,0.4543,0.318333333,445.2175617,77.41140216
sce,sce03,sce03_l04,,48.416,1.4293,0.607,0.300666667,424.6834115,79.76276771
sce,sce03,sce03_l05,,67.783,1.8572,0.6734,0.276333333,362.5888434,100.6578557
gpa,gpa03,gpa03_l01,,11.015,0.2439,0.084,0.216333333,344.403444,131.1309524
gpa,gpa03,gpa03_l02,,12.811,0.2943,0.0992,0.230333333,337.071016,129.1431452
gpa,gpa03,gpa03_l03,,12.035,0.2839,0.0956,0.218666667,336.7382881,125.8891213
gpa,gpa03,gpa03_l04,,20.099,0.4615,0.1575,0.226,341.2784399,127.6126984
gpa,gpa03,gpa03_l05,,27.107,0.6231,0.2111,0.221333333,338.7899214,128.4083373
gpa,gpa04,gpa04_l01,,6.637,0.2447,0.0781,0.285333333,319.1663261,84.98079385
gpa,gpa04,gpa04_l02,,17.169,0.5125,0.1406,0.260333333,274.3414634,122.1123755
gpa,gpa04,gpa04_l03,,30.951,0.8864,0.3048,0.26,343.8628159,101.5452756
gpa,gpa04,gpa04_l04,,26.966,0.7544,0.2481,0.256,328.8706257,108.6900443
gpa,gpa04,gpa04_l05,,27.258,0.9359,0.2966,0.296666667,316.9142002,91.90155091
spa,spa03,spa03_l01,,36.156,0.7517,0.3225,0.209,429.0275376,112.1116279
spa,spa03,spa03_l02,,62.805,1.4452,0.5474,0.226666667,378.7711043,114.7332846
spa,spa03,spa03_l03,,83.791,2.138,0.8729,0.256333333,408.2787652,95.99152251
spa,spa03,spa03_l04,,90.473,2.4974,1.0154,0.270666667,406.5828462,89.10084696
spa,spa03,spa03_l05,,101.302,2.7359,1.223,0.270666667,447.0192624,82.83074407
spa,spa04,spa04_l01,,28.875,0.7703,0.3314,0.267333333,430.2219914,87.13035607
spa,spa04,spa04_l02,,30.849,0.7839,0.2991,0.261,381.5537696,103.1394183
spa,spa04,spa04_l03,,40.083,1.0384,0.4147,0.266333333,399.3644068,96.65541355
spa,spa04,spa04_l04,,63.327,1.675,0.6509,0.270333333,388.5970149,97.29144262
spa,spa04,spa04_l05,,75.579,2.0572,0.868,0.268666667,421.9327241,87.07258065
spa,spa05,spa05_l01,,31.003,0.75,0.3394,0.261,452.5333333,91.34649381
spa,spa05,spa05_l02,,53.023,1.2403,0.4528,0.252666667,365.0729662,117.100265
spa,spa05,spa05_l03,,59.658,1.31,0.4813,0.242,367.4045802,123.9517972
spa,spa05,spa05_l04,,71.252,1.7187,0.6198,0.266666667,360.6213999,114.9596644
spa,spa05,spa05_l05,,76.014,1.7363,0.683,0.247,393.3652019,111.2942899
spa,spa06,spa06_l01,,40.825,1.1002,0.471,0.295333333,428.1039811,86.67728238
spa,spa06,spa06_l02,,42.791,1.1153,0.4865,0.259,436.2055052,87.95683453
spa,spa06,spa06_l03,,62.528,1.7501,0.7478,0.275,427.2898692,83.61594009
spa,spa06,spa06_l04,,97.51,2.5905,1.0136,0.269,391.2758155,96.20165746
spa,spa06,spa06_l05,,107.046,2.8891,1.2066,0.28,417.638711,88.71705619
gpa,gpa05,gpa05_l01,,15.947,0.4904,0.1681,0.298666667,342.7814029,94.8661511
gpa,gpa05,gpa05_l02,,22.477,0.6856,0.2852,0.295666667,415.9859977,78.81136045
gpa,gpa05,gpa05_l03,,22.771,0.7369,0.3088,0.311,419.0527887,73.74028497
gpa,gpa05,gpa05_l04,,23.7,0.7241,0.2928,0.294666667,404.3640381,80.94262295
gpa,gpa05,gpa05_l05,,27.388,0.9663,0.4062,0.332,420.3663459,67.42491384
gpa,gpa06,gpa06_l01,,19.577,0.4543,0.1751,0.248,385.4281312,111.804683
gpa,gpa06,gpa06_l02,,23.067,0.5157,0.1775,0.240333333,344.1923599,129.9549296
gpa,gpa06,gpa06_l03,,25.697,0.7352,0.2254,0.269666667,306.5832427,114.0062112
gpa,gpa06,gpa06_l04,,27.736,0.7764,0.2527,0.283,325.4765585,109.758607
gpa,gpa06,gpa06_l05,,44.305,1.0635,0.3879,0.251,364.7390691,114.2175819
acl,acl03,acl03_l01,,58.446,1.0249,0.5248,0.195333333,512.0499561,111.3681402
acl,acl03,acl03_l02,,140.961,1.919,1.0062,0.177,524.3355915,140.092427
acl,acl03,acl03_l03,,103.013,1.5614,0.8657,0.184333333,554.4383246,118.9938778
acl,acl03,acl03_l04,,88.406,1.4381,0.7978,0.184666667,554.7597525,110.8122336
acl,acl03,acl03_l05,,52.473,0.8442,0.4512,0.168333333,534.4705046,116.2965426
bpa,bpa05,bpa05_l01,,87.477,2.5644,0.8268,0.252,322.4145999,105.8018868
bpa,bpa05,bpa05_l02,,100.008,3.5196,1.2646,0.274666667,359.3021934,79.0827139
bpa,bpa05,bpa05_l03,,143.64,3.9774,1.5129,0.236666667,380.3741137,94.94348602
bpa,bpa05,bpa05_l04,,169.913,5.322,1.9061,0.26,358.154829,89.14170295
bpa,bpa05,bpa05_l05,,197.549,6.1281,1.9891,0.257,324.5867398,99.31577095
lmu,lmu01,lmu01_l01,,205.6,6.1039,2.1128,0.262333333,346.1393535,97.31162438
lmu,lmu01,lmu01_l02,,302.518,9.4269,3.4769,0.278666667,368.8275043,87.00796687
lmu,lmu01,lmu01_l03,,240.469,8.2111,3.2152,0.286666667,391.5675123,74.79130381
lmu,lmu01,lmu01_l04,,190.911,5.7962,2.1718,0.250333333,374.6937649,87.90450318
lmu,lmu01,lmu01_l05,,293.211,9.4799,3.8353,0.287333333,404.5717782,76.4506036
lmu,lmu02,lmu02_l01,,269.381,9.8612,3.5811,0.331,363.1505293,75.22297618
lmu,lmu02,lmu02_l02,,247.616,7.9722,2.5058,0.295666667,314.3172525,98.81714423
lmu,lmu02,lmu02_l03,,293.634,8.7359,3.0109,0.279333333,344.6582493,97.52366402
lmu,lmu02,lmu02_l04,,323.206,9.87,3.4403,0.275,348.5612969,93.9470395
lmu,lmu02,lmu02_l05,,367.565,10.6764,3.5425,0.282333333,331.8066015,103.758645
lmu,lmu03,lmu03_l01,,144.155,4.6662,1.6124,0.28,345.5488406,89.40399405
lmu,lmu03,lmu03_l02,,248.692,8.6504,3.1044,0.285333333,358.8735781,80.10952197
lmu,lmu03,lmu03_l03,,226.235,7.3759,2.7241,0.301333333,369.3244214,83.04944752
lmu,lmu03,lmu03_l04,,320.61,11.3563,4.4123,0.343666667,388.5332371,72.66278358
lmu,lmu03,lmu03_l05,,250.332,8.114,2.6749,0.298333333,329.6647769,93.5855546
lmu,lmu04,lmu04_l01,,444.752,13.1598,4.7895,0.273,363.9493001,92.85979747
lmu,lmu04,lmu04_l02,,552.885,16.2387,6.166,0.267333333,379.7101985,89.66672073
lmu,lmu04,lmu04_l03,,446.291,13.1757,4.1661,0.283666667,316.1957239,107.1244089
lmu,lmu04,lmu04_l04,,360.357,11.2449,3.8656,0.277,343.7647289,93.22149214
lmu,lmu04,lmu04_l05,,350.267,11.2651,4.5948,0.289666667,407.8792021,76.23117437
lmu,lmu05,lmu05_l01,,110.311,3.966,1.4058,0.297333333,354.4629349,78.46848769
lmu,lmu05,lmu05_l02,,200.147,5.8451,2.9854,0.253333333,510.7525962,67.04193743
lmu,lmu05,lmu05_l03,,171.979,5.5808,1.9913,0.293666667,356.8126433,86.36518857
lmu,lmu05,lmu05_l04,,249.739,7.89,3.1677,0.259,401.4828897,78.83922089
lmu,lmu05,lmu05_l05,,279.703,10.3223,3.8874,0.308666667,376.6021139,71.95117559
spa,spa07,spa07_l01,,96.304,2.7036,1.1309,0.274,418.2941264,85.15695464
spa,spa07,spa07_l02,,128.179,3.5136,1.3935,0.256666667,396.601776,91.9834948
spa,spa07,spa07_l03,,134.447,4.2569,1.5325,0.293333333,360.0037586,87.73050571
spa,spa07,spa07_l04,,160.352,4.2755,1.8183,0.254333333,425.2835926,88.18786779
spa,spa07,spa07_l05,,127.7,3.853,1.4409,0.272,373.9683364,88.62516483
ppi,ppi03,ppi03_l01,,157.052,2.5098,1.5208,0.135,605.9446968,103.2693319
ppi,ppi03,ppi03_l02,,369.036,5.9171,3.4958,0.151666667,590.796167,105.5655358
ppi,ppi03,ppi03_l03,,417.312,7.4606,4.3086,0.163333333,577.5138729,96.85559114
ppi,ppi03,ppi03_l04,,419.624,7.0226,4.0608,0.150333333,578.2473728,103.3353034
ppi,ppi03,ppi03_l05,,486.667,7.1606,3.9594,0.133,552.9424909,122.9143305
csq,csq05,csq05_l01,,68.378,2.828,1.3194,0.377333333,466.5487977,51.825072
csq,csq05,csq05_l02,,73.075,2.6652,1.0029,0.333333333,376.294462,72.86369528
csq,csq05,csq05_l03,,73.619,2.8067,1.1707,0.34,417.1090605,62.88459896
csq,csq05,csq05_l04,,88.114,3.0266,1.3842,0.31,457.3448754,63.65698598
csq,csq05,csq05_l05,,148.154,5.3399,2.2261,0.336,416.8804659,66.55316473
sce,sce04,sce04_l01,,89.204,2.8047,1.0146,0.296333333,361.7499198,87.9203627
sce,sce04,sce04_l02,,112.103,3.3644,1.1791,0.272,350.4636785,95.07505725
sce,sce04,sce04_l03,,178.193,5.0686,1.9464,0.258666667,384.0113641,91.5500411
sce,sce04,sce04_l04,,188.32,5.8674,1.9787,0.288333333,337.2362546,95.17359883
sce,sce04,sce04_l05,,257.726,7.1319,2.6071,0.254333333,365.554761,98.85543324
ppi,ppi04,ppi04_l01,,130.316,1.8559,0.9622,0.130333333,518.4546581,135.4354604
ppi,ppi04,ppi04_l02,,182.15,2.6938,1.4605,0.137333333,542.170911,124.7175625
ppi,ppi04,ppi04_l03,,154.154,2.5905,1.318,0.162666667,508.7820884,116.9605463
ppi,ppi04,ppi04_l04,,176.137,2.8286,1.2981,0.154,458.9196069,135.6883137
ppi,ppi04,ppi04_l05,,243.755,4.2794,1.985,0.162,463.8500724,122.7984887
acl,acl04,acl04_l01,,503.108,5.5647,3.5246,0.137,633.3854476,142.7418714
acl,acl04,acl04_l02,,509.713,6.0459,3.5654,0.149333333,589.7219603,142.9609581
acl,acl04,acl04_l03,,219.622,3.0623,1.8887,0.165,616.7586455,116.2820988
acl,acl04,acl04_l04,,414.076,6.0551,3.1539,0.164333333,520.8667074,131.2901487
acl,acl04,acl04_l05,,529.243,6.6435,4.0448,0.147666667,608.8357041,130.8452828
acl,acl05,acl05_l01,,0,5.2777,2.7655,0.123666667,523.9971957,0
acl,acl05,acl05_l02,,0,10.2355,5.2636,0.123333333,514.249426,0
acl,acl05,acl05_l03,,0,10.5064,5.438,0.123,517.5892789,0
acl,acl05,acl05_l04,,0,11.6824,6.268,0.126,536.533589,0
acl,acl05,acl05_l05,,0,8.1741,4.1394,0.128666667,506.4043748,0
kma,kma05,kma05_l01,,0,1.0098,0.4177,0.146333333,413.6462666,0
kma,kma05,kma05_l02,,0,1.3723,0.5408,0.205666667,394.0829265,0
kma,kma05,kma05_l03,,0,1.109,0.4513,0.162333333,406.9431921,0
kma,kma05,kma05_l04,,0,1.8833,0.7708,0.217333333,409.2815802,0
kma,kma05,kma05_l05,,0,1.2628,0.5675,0.190333333,449.3981628,0
kma,kma04,kma04_l01,,0,1.2475,0.5374,0.154666667,430.7815631,0
kma,kma04,kma04_l02,,0,1.5736,0.6447,0.152666667,409.6975089,0
kma,kma04,kma04_l03,,0,1.1813,0.4539,0.140666667,384.2377042,0
kma,kma04,kma04_l04,,0,0.7786,0.3095,0.135666667,397.5083483,0
kma,kma04,kma04_l05,,0,0.7782,0.292,0.159333333,375.2248779,0
ppo,ppo06,ppo06_l01,,0,4.5439,2.5358,0.257,558.0668589,0
ppo,ppo06,ppo06_l02,,0,5.0918,2.54,0.265666667,498.8412742,0
