Leaf,TL1,TL2,TL3,Data collected by,Area
AAN03-01-01,41128.30889,40430.359,41384.54191,Huang Jie,4259464
AAN03-01-02,40034.48945,37976.01437,38065.38174,Huang Jie,4259464
AAN03-01-03,40724.52661,41778.08417,41337.29822,Huang Jie,4259464
AAN03-01-04,38256.21833,38824.30625,40102.21317,Huang Jie,4259464
AAN03-01-05,41575.84394,39547.62344,40825.99581,Huang Jie,4259464
AAN03-02-01,39375.0299,38215.56563,40769.31797,Huang Jie,4259464
AAN03-02-02,38257.08722,39003.42911,41138.82524,Huang Jie,4259464
AAN03-02-03,39811.53,41833.1779,42531.01978,Huang Jie,4259464
AAN03-02-04,37998.53681,38165.32101,40939.59139,Huang Jie,4259464
AAN03-02-05,41089.97631,39734.76739,41484.25697,Huang Jie,4259464
AAN04-01-01,36644.02573,39730.23142,42258.86145,Huang Jie,4259464
AAN04-01-02,44094.18558,41858.64913,41407.14544,Huang Jie,4259464
AAN04-01-03,49173.42766,49712.85943,48499.31241,Huang Jie,4259464
AAN04-01-04,41750.13472,43415.88328,42720.13493,Huang Jie,4259464
AAN04-01-05,44857.62459,43878.20352,45723.64635,Huang Jie,4259464
AAN04-02-01,37777.32093,46084.4306,43541.14589,Huang Jie,4259464
AAN04-02-02,43937.869,44227.12445,45936.48812,Huang Jie,4259464
AAN04-02-03,51262.41731,50154.94225,50556.89917,Huang Jie,4259464
AAN04-02-04,41753.97285,42444.48739,40735.12372,Huang Jie,4259464
AAN04-02-05,41161.5051,42134.99452,39760.58754,Huang Jie,4259464
AAN05-01-01,34675.93787,37278.52993,37174.03527,Huang Jie,4259464
AAN05-01-02,35542.61522,35091.12379,36941.075,Huang Jie,4259464
AAN05-01-03,35119.28383,35102.76017,35945.23386,Huang Jie,4259464
AAN05-01-04,37213.59895,35361.08774,35779.99731,Huang Jie,4259464
AAN05-01-05,36243.35784,34660.57785,35102.76017,Huang Jie,4259464
AAN05-02-01,38416.19517,40043.91134,38024.00804,Huang Jie,4259464
AAN05-02-02,35940.60112,38019.82098,37004.11214,Huang Jie,4259464
AAN05-02-03,34803.46779,34984.20883,36232.64794,Huang Jie,4259464
AAN05-02-04,34322.30581,33830.32729,35376.39596,Huang Jie,4259464
AAN05-02-05,35550.15859,34279.73746,35050.85273,Huang Jie,4259464
ACL01-01-01,53945.39526,45401.55887,44139.34942,Huang Jie,4259464
ACL01-01-02,44836.00767,48273.24215,47514.08492,Huang Jie,4259464
ACL01-01-03,47188.68528,49784.30716,46281.17587,Huang Jie,4259464
ACL01-01-04,39424.58039,41207.15698,48678.32771,Huang Jie,4259464
ACL01-01-05,53146.39391,49387.6347,51004.0671,Huang Jie,4259464
ACL01-02-01,51485.67347,49982.34665,54220.32678,Huang Jie,4259464
ACL01-02-02,50659.8747,56940.08553,56113.57694,Huang Jie,4259464
ACL01-02-03,49248.51018,53323.02248,55742.66743,Huang Jie,4259464
ACL01-02-04,51018.33329,46943.77445,52774.73967,Huang Jie,4259464
ACL01-02-05,47168.70562,49403.93727,45913.58273,Huang Jie,4259464
ACL02-01-01,50476.41558,45496.43025,49638.17753,Huang Jie,4259464
ACL02-01-02,53150.05937,52057.49667,49754.56458,Huang Jie,4259464
ACL02-01-03,49662.66047,50697.19256,48369.47499,Huang Jie,4259464
ACL02-01-04,49971.07101,52082.43342,53320.6952,Huang Jie,4259464
ACL02-01-05,47194.52674,49532.14687,49404.41436,Huang Jie,4259464
ACL02-02-01,46480.73974,49913.59894,50947.42121,Huang Jie,4259464
ACL02-02-02,53402.18475,53813.53068,51987.58531,Huang Jie,4259464
ACL02-02-03,49902.30002,49842.7334,54440.14957,Huang Jie,4259464
ACL02-02-04,53845.84489,55673.04699,52763.81311,Huang Jie,4259464
ACL02-02-05,49608.95859,47697.18331,49913.57567,Huang Jie,4259464
ACL03-01-01,40691.85752,42352.72118,42181.74992,Huang Jie,4259464
ACL03-01-02,38122.40374,39574.9616,41281.18498,Huang Jie,4259464
ACL03-01-03,40713.49062,37300.69493,42331.437,Huang Jie,4259464
ACL03-01-04,40315.72075,41487.74618,43074.28968,Huang Jie,4259464
ACL03-01-05,43069.40478,42125.57365,41631.15268,Huang Jie,4259464
ACL03-02-01,44000.39945,42878.18725,43808.63195,Huang Jie,4259464
ACL03-02-02,39494.32883,40271.63881,42761.82348,Huang Jie,4259464
ACL03-02-03,42962.66735,41307.27636,42803.48171,Huang Jie,4259464
ACL03-02-04,43987.59943,41635.65492,41979.85895,Huang Jie,4259464
ACL03-02-05,40273.50063,39317.68863,40478.99905,Huang Jie,4259464
ACL05-01-01,35877.74288,35913.35019,34084.34446,Huang Jie,4259464
ACL05-01-02,35484.43334,34884.22901,35836.31738,Huang Jie,4259464
ACL05-01-03,35664.33172,39413.10692,37800.5378,Huang Jie,4259464
ACL05-01-04,41384.30918,35028.05463,38033.26534,Huang Jie,4259464
ACL05-01-05,41222.56354,40574.41734,39413.10692,Huang Jie,4259464
ACL05-02-01,34630.403,34359.64035,37681.01875,Huang Jie,4259464
ACL05-02-02,41961.58081,41554.739,39614.04075,Huang Jie,4259464
ACL05-02-03,42726.4155,42365.98018,41428.0807,Huang Jie,4259464
ACL05-02-04,44543.24682,39740.0012,40898.41871,Huang Jie,4259464
ACL05-02-05,33127.94945,34520.49291,37297.20572,Huang Jie,4259464
AFR01-01-01,30484.92216,30315.50815,32318.08208,Huang Jie,4259464
AFR01-01-02,34739.22812,34041.24332,29897.02912,Huang Jie,4259464
AFR01-01-03,37908.89575,38008.47986,38162.35931,Huang Jie,4259464
AFR01-01-04,38010.81877,38621.93802,38660.9897,Huang Jie,4259464
AFR01-01-05,33187.00525,30988.30019,33007.79341,Huang Jie,4259464
AFR01-02-01,33718.10113,34089.54592,35481.07042,Huang Jie,4259464
AFR01-02-02,34216.17298,32478.45462,33617.08574,Huang Jie,4259464
AFR01-02-03,35046.52156,36158.05156,35677.35283,Huang Jie,4259464
AFR01-02-04,36569.53712,36251.07276,36180.83559,Huang Jie,4259464
AFR01-02-05,38804.24514,37055.04168,34153.60418,Huang Jie,4259464
AFR02-01-01,,,,,4259464
AFR02-01-02,,,,,4259464
AFR02-01-03,,,,,4259464
AFR02-01-04,,,,,4259464
AFR02-01-05,,,,,4259464
AFR02-02-01,,,,,4259464
AFR02-02-02,,,,,4259464
AFR02-02-03,,,,,4259464
AFR02-02-04,,,,,4259464
AFR02-02-05,,,,,4259464
AFR03-01-01,38003.11937,37515.28366,38029.60376,Huang Jie,4259464
AFR03-01-02,37232.83,38009.01513,38192.53631,Huang Jie,4259464
AFR03-01-03,38339.91491,37966.06915,37387.33006,Huang Jie,4259464
AFR03-01-04,38457.36474,38419.66288,38813.49993,Huang Jie,4259464
AFR03-01-05,37730.29288,37122.59473,37153.93537,Huang Jie,4259464
AFR03-02-01,37980.6534,38427.38943,37938.0953,Huang Jie,4259464
AFR03-02-02,39186.64751,40298.75157,39083.88279,Huang Jie,4259464
AFR03-02-03,38427.49804,37544.31254,38419.96542,Huang Jie,4259464
AFR03-02-04,38960.00192,40133.0806,39868.61678,Huang Jie,4259464
AFR03-02-05,38463.9742,39008.99882,39435.11519,Huang Jie,4259464
AFR04-01-01,40997.9194,39000.69821,39138.72891,Huang Jie,4259464
AFR04-01-02,38677.97493,37647.34102,38128.12509,Huang Jie,4259464
AFR04-01-03,38008.58847,38312.27463,38963.11271,Huang Jie,4259464
AFR04-01-04,38962.14301,38208.08251,38233.96957,Huang Jie,4259464
AFR04-01-05,38542.49647,38212.58191,38987.98353,Huang Jie,4259464
AFR04-02-01,39009.68925,40139.58145,38267.99434,Huang Jie,4259464
AFR04-02-02,38466.20838,38954.56385,37432.06805,Huang Jie,4259464
AFR04-02-03,37680.87706,36915.92491,38207.27572,Huang Jie,4259464
AFR04-02-04,38308.95439,37321.72417,38167.30089,Huang Jie,4259464
AFR04-02-05,38521.74493,38002.65391,38029.66582,Huang Jie,4259464
AFR05-01-01,,,,,4259464
AFR05-01-02,,,,,4259464
AFR05-01-03,,,,,4259464
AFR05-01-04,,,,,4259464
AFR05-01-05,,,,,4259464
AFR05-02-01,,,,,4259464
AFR05-02-02,,,,,4259464
AFR05-02-03,,,,,4259464
AFR05-02-04,,,,,4259464
AFR05-02-05,,,,,4259464
ASY01-01-01,35121.44044,33813.6513,33326.37414,Huang Jie,4259464
ASY01-01-02,34345.31737,34122.49626,34618.40762,Huang Jie,4259464
ASY01-01-03,33796.01831,34810.08978,33312.14673,Huang Jie,4259464
ASY01-01-04,32188.16581,32662.99205,31879.65442,Huang Jie,4259464
ASY01-01-05,34593.76953,35083.06366,34204.9206,Huang Jie,4259464
ASY01-02-01,32464.266,32612.28072,32014.04682,Huang Jie,4259464
ASY01-02-02,33311.75109,32111.96305,31404.98333,Huang Jie,4259464
ASY01-02-03,30629.99287,31250.79358,31273.39143,Huang Jie,4259464
ASY01-02-04,30521.68923,31173.76852,31801.13991,Huang Jie,4259464
ASY01-02-05,33239.61331,32654.53628,32104.17444,Huang Jie,4259464
ASY02-01-01,34593.69195,33742.02552,35216.23036,Huang Jie,4259464
ASY02-01-02,36377.59509,37487.93817,34621.69683,Huang Jie,4259464
ASY02-01-03,35208.10041,35079.68912,36420.63416,Huang Jie,4259464
ASY02-01-04,37111.19108,35859.10916,37178.108,Huang Jie,4259464
ASY02-01-05,37681.99415,36870.65165,35913.66825,Huang Jie,4259464
ASY02-02-01,37153.84228,35981.90397,35903.83939,Huang Jie,4259464
ASY02-02-02,36759.58631,37235.23485,36258.63252,Huang Jie,4259464
ASY02-02-03,36920.9208,37936.1559,36404.31221,Huang Jie,4259464
ASY02-02-04,36377.89763,36688.93799,37465.1076,Huang Jie,4259464
ASY02-02-05,36336.1308,36327.58969,36767.26632,Huang Jie,4259464
ASY03-01-01,32541.6867,34877.19288,32958.47069,Huang Jie,4259464
ASY03-01-02,36301.14409,37156.0144,37759.15885,Huang Jie,4259464
ASY03-01-03,37135.54213,37651.63097,37496.56461,Huang Jie,4259464
ASY03-01-04,36294.13123,36854.75636,35913.28813,Huang Jie,4259464
ASY03-01-05,37775.0619,37987.64299,38421.99015,Huang Jie,4259464
ASY03-02-01,34362.84951,33585.85759,35292.7279,Huang Jie,4259464
ASY03-02-02,36921.2854,36530.42726,37424.54319,Huang Jie,4259464
ASY03-02-03,35962.83582,35629.36829,35118.45377,Huang Jie,4259464
ASY03-02-04,35216.24588,35903.99454,35110.42467,Huang Jie,4259464
ASY03-02-05,36420.53332,36686.63398,35762.40311,Huang Jie,4259464
ASY04-01-01,,,,,4259464
ASY04-01-02,,,,,4259464
ASY04-01-03,,,,,4259464
ASY04-01-04,,,,,4259464
ASY04-01-05,,,,,4259464
ASY04-02-01,,,,,4259464
ASY04-02-02,,,,,4259464
ASY04-02-03,,,,,4259464
ASY04-02-04,,,,,4259464
ASY04-02-05,,,,,4259464
ASY05-01-01,,,,,#VALUE!
ASY05-01-02,,,,,#VALUE!
ASY05-01-03,,,,,#VALUE!
ASY05-01-04,,,,,#VALUE!
ASY05-01-05,,,,,#VALUE!
ASY05-02-01,,,,,#VALUE!
ASY05-02-02,,,,,#VALUE!
ASY05-02-03,,,,,#VALUE!
ASY05-02-04,,,,,#VALUE!
ASY05-02-05,,,,,#VALUE!
BBR01-01-01,26976.69415,29405.33402,29863.44654,Huang Jie,4259464
BBR01-01-02,34308.67054,30476.28797,33332.37851,Huang Jie,4259464
BBR01-01-03,29530.92543,34327.9171,32575.36237,Huang Jie,4259464
BBR01-01-04,32743.34511,35749.54491,37036.47002,Huang Jie,4259464
BBR01-01-05,30347.75255,31261.74341,33109.40225,Huang Jie,4259464
BBR01-02-01,32134.93714,29494.57339,30458.4494,Huang Jie,4259464
BBR01-02-02,32497.16592,32511.8743,31597.6158,Huang Jie,4259464
BBR01-02-03,29837.31124,33535.0842,31053.7199,Huang Jie,4259464
BBR01-02-04,33494.39179,33454.3161,34198.54386,Huang Jie,4259464
BBR01-02-05,38763.04072,34034.18004,36063.83182,Huang Jie,4259464
BBR02-01-01,DID NOT SAMPLE,,,,#VALUE!
BBR02-01-02,,,,,#VALUE!
BBR02-01-03,,,,,#VALUE!
BBR02-01-04,,,,,#VALUE!
BBR02-01-05,,,,,#VALUE!
BBR02-02-01,23259.74444,24734.0734,25594.78517,Huang Jie,4259464
BBR02-02-02,22422.32093,23881.04163,22790.55796,Huang Jie,4259464
BBR02-02-03,23966.88706,24308.25182,23966.80173,Huang Jie,4259464
BBR02-02-04,23105.95808,23880.86321,22446.0126,Huang Jie,4259464
BBR02-02-05,23966.69312,24804.81481,22554.83599,Huang Jie,4259464
BBR03-01-01,23958.87348,24742.64553,23928.51805,Huang Jie,4259464
BBR03-01-02,24858.58263,24149.74109,27014.84983,Huang Jie,4259464
BBR03-01-03,23653.83749,23462.03121,25557.11434,Huang Jie,4259464
BBR03-01-04,24830.39157,24656.10967,24121.32506,Huang Jie,4259464
BBR03-01-05,23302.40339,23880.58394,24120.84409,Huang Jie,4259464
BBR03-02-01,22165.31215,23105.59347,23022.8278,Huang Jie,4259464
BBR03-02-02,23369.87111,23880.43654,22787.4782,Huang Jie,4259464
BBR03-02-03,24810.42354,23958.71057,24733.83291,Huang Jie,4259464
BBR03-02-04,23505.31078,23189.92618,23924.30568,Huang Jie,4259464
BBR03-02-05,23979.46211,24656.02434,23376.10821,Huang Jie,4259464
BBR04-01-01,23822.68908,22753.55428,23104.93408,Huang Jie,4259464
BBR04-01-02,22707.66817,22328.83428,23262.90953,Huang Jie,4259464
BBR04-01-03,21716.45055,22383.43216,24814.8764,Huang Jie,4259464
BBR04-01-04,24641.01341,23912.66931,23958.54766,Huang Jie,4259464
BBR04-01-05,28240.99038,25816.2487,27642.48497,Huang Jie,4259464
BBR04-02-01,24702.90342,23559.81557,26286.36608,Huang Jie,4259464
BBR04-02-02,26658.97063,26098.91181,27844.24423,Huang Jie,4259464
BBR04-02-03,26295.05458,25556.14464,27137.6136,Huang Jie,4259464
BBR04-02-04,25557.31604,27222.97031,24773.41987,Huang Jie,4259464
BBR04-02-05,24889.01563,26363.56181,25773.36477,Huang Jie,4259464
BBR05-01-01,26506.1279,25557.41188,26637.6711,Huang Jie,4259464
BBR05-01-02,24990.41535,25118.12042,25433.89386,Huang Jie,4259464
BBR05-01-03,24133.46553,24920.98009,25046.59162,Huang Jie,4259464
BBR05-01-04,26961.12081,25590.90829,27476.47703,Huang Jie,4259464
BBR05-01-05,23725.22804,24544.84332,24921.32901,Huang Jie,4259464
BBR05-02-01,31694.69809,29609.45934,30437.03847,Huang Jie,4259464
BBR05-02-02,23463.35776,23607.18338,24178.76222,Huang Jie,4259464
BBR05-02-03,27348.04584,25542.77832,26003.11339,Huang Jie,4259464
BBR05-02-04,26706.18329,27078.54735,25679.62212,Huang Jie,4259464
BBR05-02-05,27434.38776,26494.1685,27444.16232,Huang Jie,4259464
BPA01-01-01,42052.77249,42569.76508,41803.1722,Huang Jie,4259464
BPA01-01-02,40372.68911,41479.4482,42850.45777,Huang Jie,4259464
BPA01-01-03,39902.95185,41707.70737,40208.86056,Huang Jie,4259464
BPA01-01-04,38529.615,39022.86939,38346.31879,Huang Jie,4259464
BPA01-01-05,37167.23963,38288.02054,39308.5308,Huang Jie,4259464
BPA01-02-01,34345.54621,37124.03376,37762.73122,Huang Jie,4259464
BPA01-02-02,39352.2254,39020.73993,37776.98578,Huang Jie,4259464
BPA01-02-03,41784.426,42943.30442,42193.31665,Huang Jie,4259464
BPA01-02-04,38878.22922,40300.91594,37346.54456,Huang Jie,4259464
BPA01-02-05,41664.87386,40338.86216,41371.42771,Huang Jie,4259464
BPA02-01-01,31017.19331,29866.43709,31912.34488,Huang Jie,4259464
BPA02-01-02,36896.71713,37731.47591,39022.99739,Huang Jie,4259464
BPA02-01-03,35662.92372,37183.49564,34380.08298,Huang Jie,4259464
BPA02-01-04,32319.52499,31354.96243,31836.81316,Huang Jie,4259464
BPA02-01-05,32042.87012,33681.90036,30761.3792,Huang Jie,4259464
BPA02-02-01,29490.71011,30811.65999,32515.92376,Huang Jie,4259464
BPA02-02-02,32000.56026,33088.44514,30991.77947,Huang Jie,4259464
BPA02-02-03,29419.63512,31945.99729,31945.96238,Huang Jie,4259464
BPA02-02-04,32600.18276,31946.33474,32983.71775,Huang Jie,4259464
BPA02-02-05,35805.62061,33796.18122,33682.48218,Huang Jie,4259464
BPA05-01-01,30854.72954,31417.19009,31871.13623,Huang Jie,4259464
BPA05-01-02,30707.13599,30058.49196,30856.82307,Huang Jie,4259464
BPA05-01-03,33978.26977,32199.81975,32266.46365,Huang Jie,4259464
BPA05-01-04,31594.09301,30892.413,31522.21529,Huang Jie,4259464
BPA05-01-05,28856.80826,31041.40224,30518.02084,Huang Jie,4259464
BPA05-02-01,35791.16823,34622.41053,35475.58969,Huang Jie,4259464
BPA05-02-02,31409.1414,28940.83312,30334.1729,Huang Jie,4259464
BPA05-02-03,34330.80292,34269.59558,34642.19237,Huang Jie,4259464
BPA05-02-04,34637.07237,33152.50339,34499.99585,Huang Jie,4259464
BPA05-02-05,30517.32947,31283.70126,32008.18208,Huang Jie,4259464
CSQ01-01-01,40448.31071,41704.42608,40322.35025,Huang Jie,4259464
CSQ01-01-02,40817.81798,38343.96853,40074.61638,Huang Jie,4259464
CSQ01-01-03,41794.7966,39614.73859,40600.09131,Huang Jie,4259464
CSQ01-01-04,39838.39691,41096.60581,40103.2279,Huang Jie,4259464
CSQ01-01-05,41495.07352,39614.73859,38343.61961,Huang Jie,4259464
CSQ01-02-01,42034.50529,41089.62739,41617.19584,Huang Jie,4259464
CSQ01-02-02,41495.07352,39614.73859,41739.31817,Huang Jie,4259464
CSQ01-02-03,40273.85024,41445.87566,42531.01978,Huang Jie,4259464
CSQ01-02-04,37995.0476,40008.67033,44439.6173,Huang Jie,4259464
CSQ01-02-05,39614.73859,42143.71754,41484.25697,Huang Jie,4259464
CSQ02-01-01,40513.90818,40237.19514,41729.44412,Huang Jie,4259464
CSQ02-01-02,38803.36077,39512.94704,39015.84101,Huang Jie,4259464
CSQ02-01-03,38915.06999,39313.26681,39757.77641,Huang Jie,4259464
CSQ02-01-04,37185.67165,38065.61447,38840.36445,Huang Jie,4259464
CSQ02-01-05,38042.34172,37809.61418,38458.92401,Huang Jie,4259464
CSQ02-02-01,37572.85326,38343.61961,39614.73859,Huang Jie,4259464
CSQ02-02-02,38345.71314,36526.43937,38675.0945,Huang Jie,4259464
CSQ02-02-03,37311.51148,38312.21673,39624.50837,Huang Jie,4259464
CSQ02-02-04,39583.3357,40033.44371,38358.62321,Huang Jie,4259464
CSQ02-02-05,38692.54055,40601.487,39649.63068,Huang Jie,4259464
CSQ04-01-01,41199.53748,39938.53722,40946.91872,Huang Jie,4259464
CSQ04-01-02,37108.78842,37496.43958,38218.357,Huang Jie,4259464
CSQ04-01-03,38966.79241,36376.05445,38217.31023,Huang Jie,4259464
CSQ04-01-04,35754.97518,36436.41777,38116.821,Huang Jie,4259464
CSQ04-01-05,36336.27746,36784.64087,38668.11608,Huang Jie,4259464
CSQ04-02-01,38579.14125,39574.61268,38064.48286,Huang Jie,4259464
CSQ04-02-02,30863.7095,28366.31028,30226.22223,Huang Jie,4259464
CSQ04-02-03,41246.29289,41138.47632,40071.82501,Huang Jie,4259464
CSQ04-02-04,34519.79506,36523.29908,36487.70915,Huang Jie,4259464
CSQ04-02-05,36250.44291,37242.77406,38158.69152,Huang Jie,4259464
CSQ05-01-01,32502.68313,33038.62569,37206.8352,Huang Jie,4259464
CSQ05-01-02,33656.21575,32774.84146,33109.80556,Huang Jie,4259464
CSQ05-01-03,36802.08691,34854.75916,32806.94218,Huang Jie,4259464
CSQ05-01-04,32665.6292,31086.76196,32273.09315,Huang Jie,4259464
CSQ05-01-05,37454.91799,36124.48245,34665.99294,Huang Jie,4259464
CSQ05-02-01,37593.64302,38063.98538,39062.61925,Huang Jie,4259464
CSQ05-02-02,34758.55614,35731.82271,36521.93271,Huang Jie,4259464
CSQ05-02-03,35540.28795,37085.83153,37458.19559,Huang Jie,4259464
CSQ05-02-04,37276.43539,38144.74183,36978.77686,Huang Jie,4259464
CSQ05-02-05,36101.16131,35686.90629,37223.14078,Huang Jie,4259464
EMA01-01-01,31086.30176,31993.86934,31553.8126,Huang Jie,4259464
EMA01-01-02,30379.66337,32391.58519,31687.0336,Huang Jie,4259464
EMA01-01-03,33141.19284,32997.63873,31616.00515,Huang Jie,4259464
EMA01-01-04,33073.48464,32385.57306,32256.68855,Huang Jie,4259464
EMA01-01-05,31391.77993,31028.51551,32368.01765,Huang Jie,4259464
EMA01-02-01,30363.79778,31288.43827,30789.48133,Huang Jie,4259464
EMA01-02-02,31145.38068,30023.25095,30864.15041,Huang Jie,4259464
EMA01-02-03,30828.21155,31222.14329,31311.46705,Huang Jie,4259464
EMA01-02-04,30345.30497,30652.3554,30483.12874,Huang Jie,4259464
EMA01-02-05,30518.36976,30843.21515,31037.56411,Huang Jie,4259464
EMA02-01-01,29050.11046,29408.45226,29582.21488,Huang Jie,4259464
EMA02-01-02,31640.15057,31173.29436,31919.98516,Huang Jie,4259464
EMA02-01-03,29748.65017,29746.20772,29397.63571,Huang Jie,4259464
EMA02-01-04,29397.28679,30333.44166,29543.83358,Huang Jie,4259464
EMA02-01-05,29537.553,29757.72212,29981.38044,Huang Jie,4259464
EMA02-02-01,29233.64287,29620.59619,29396.93787,Huang Jie,4259464
EMA02-02-02,29761.56025,30081.52075,29667.00267,Huang Jie,4259464
EMA02-02-03,30133.85889,30333.79058,30482.4309,Huang Jie,4259464
EMA02-02-04,30471.96327,30333.79058,30434.62873,Huang Jie,4259464
EMA02-02-05,31550.82681,31240.6361,30576.63955,Huang Jie,4259464
EMA03-01-01,32614.68675,31676.08943,31606.30524,Huang Jie,4259464
EMA03-01-02,34481.41376,34003.39208,32710.29108,Huang Jie,4259464
EMA03-01-03,33787.75894,32413.01045,33101.43146,Huang Jie,4259464
EMA03-01-04,32660.04647,33446.86318,34160.4065,Huang Jie,4259464
EMA03-01-05,31285.29798,32113.63628,32028.84849,Huang Jie,4259464
EMA05-01-01,31998.84195,33075.43955,32329.49348,Huang Jie,4259464
EMA05-01-02,31469.1308,32137.15193,31545.07755,Huang Jie,4259464
EMA05-01-03,34571.97847,32933.6852,33703.39275,Huang Jie,4259464
EMA05-01-04,30460.81547,34089.34035,32614.84072,Huang Jie,4259464
EMA05-01-05,33161.85128,33859.42105,33276.64802,Huang Jie,4259464
EMA05-02-01,21433.59605,21452.81945,21217.43428,Huang Jie,2631214
EMA05-02-02,21606.28214,21769.15375,21735.65476,Huang Jie,2631214
EMA05-02-03,21055.13044,21360.10916,21379.49478,Huang Jie,2631214
EMA05-02-04,21330.26018,21214.83871,21719.35138,Huang Jie,2631214
EMA05-02-05,20858.84095,21039.15151,20965.17794,Huang Jie,2631214
EMA06-02-01,31177.13249,31969.53194,31066.17563,Huang Jie,4259464
EMA06-02-02,34041.07554,32761.93138,33970.24459,Huang Jie,4259464
EMA06-02-03,32020.82331,32481.74787,31656.20093,Huang Jie,4259464
EMA06-02-04,34669.83107,33169.12212,32304.14711,Huang Jie,4259464
EMA06-02-05,30107.68982,31180.6217,31656.54986,Huang Jie,4259464
GAX01-01-01,23726.2748,26578.00562,26438.78616,Huang Jie,4259464
GAX01-01-02,31605.25848,28046.61384,29414.73283,Huang Jie,4259464
GAX01-01-03,26463.55955,28304.46641,30090.59269,Huang Jie,4259464
GAX01-01-04,25777.92991,25128.93696,24855.03403,Huang Jie,4259464
GAX01-01-05,26545.90489,26620.22505,26353.64945,Huang Jie,4259464
GAX01-02-01,26966.0057,26034.3868,26017.63859,Huang Jie,4259464
GAX01-02-02,28200.48797,28724.56722,27684.08499,Huang Jie,4259464
GAX01-02-03,27558.82237,27537.88711,26424.4804,Huang Jie,4259464
GAX01-02-04,27781.43393,26864.46971,27988.34404,Huang Jie,4259464
GAX01-02-05,27830.9807,27523.93028,28518.00603,Huang Jie,4259464
GAX02-01-01,28207.81531,27280.38346,25778.62775,Huang Jie,4259464
GAX02-01-02,29514.1753,27699.43751,28532.31178,Huang Jie,4259464
GAX02-01-03,27726.65334,28904.95935,27648.84397,Huang Jie,4259464
GAX02-01-04,32149.57514,31676.08943,32704.70835,Huang Jie,4259464
GAX02-01-05,29578.72567,30272.72942,28999.86584,Huang Jie,4259464
GAX02-02-01,31649.57144,30646.42374,32006.86648,Huang Jie,4259464
GAX02-02-02,31377.06418,31532.334,30646.42374,Huang Jie,4259464
GAX02-02-03,29808.31565,30677.47771,30091.63945,Huang Jie,4259464
GAX02-02-04,31005.81231,29910.54949,31162.12889,Huang Jie,4259464
GAX02-02-05,31549.78005,31969.18301,31483.48507,Huang Jie,4259464
GAX03-01-01,31866.25134,30611.53165,31016.27994,Huang Jie,4259464
GAX03-01-02,30855.42738,30667.359,29596.86956,Huang Jie,4259464
GAX03-01-03,30698.76188,31354.73324,31472.66852,Huang Jie,4259464
GAX03-01-04,31658.29446,31165.6181,32007.2154,Huang Jie,4259464
GAX03-01-05,30350.53879,31009.30152,30038.95239,Huang Jie,4259464
GAX03-02-01,29123.73277,29980.68259,28870.41617,Huang Jie,4259464
GAX03-02-02,30659.68274,29742.36959,29107.33349,Huang Jie,4259464
GAX03-02-03,29962.53871,29184.44502,30090.94161,Huang Jie,4259464
GAX03-02-04,31341.47425,30628.9777,31358.22245,Huang Jie,4259464
GAX03-02-05,32495.00687,32373.58238,33545.25889,Huang Jie,4259464
GAX04-01-01,26188.95877,27834.81883,28186.18222,Huang Jie,4259464
GAX04-01-02,29254.2292,29964.63223,29212.00977,Huang Jie,4259464
GAX04-01-03,30572.4525,30956.61446,30608.04244,Huang Jie,4259464
GAX04-01-04,28217.93402,28863.43775,28385.41607,Huang Jie,4259464
GAX04-01-05,28719.68233,29393.44866,27711.64974,Huang Jie,4259464
GAX04-02-01,28904.61042,29742.36959,29575.23647,Huang Jie,4259464
GAX04-02-02,27841.44833,28907.40179,29208.17164,Huang Jie,4259464
GAX04-02-03,29931.13582,30258.77258,29933.92719,Huang Jie,4259464
GAX04-02-04,30677.82663,30594.0856,29931.13582,Huang Jie,4259464
GAX04-02-05,28880.18596,29617.10698,30118.85529,Huang Jie,4259464
GAX05-01-01,25621.63805,26396.34148,24551.38228,Huang Jie,4259464
GAX05-01-02,26680.66472,26765.79645,26581.83697,Huang Jie,4259464
GAX05-01-03,30698.40313,31553.99102,31299.32891,Huang Jie,4259464
GAX05-01-04,problematic,,,Huang Jie,#VALUE!
GAX05-01-05,26439.94299,27370.51569,27627.94725,Huang Jie,4259464
GAX05-02-01,27125.02304,27243.02754,27279.90322,Huang Jie,4259464
GAX05-02-02,27786.29507,27264.27557,27291.43487,Huang Jie,4259464
GAX05-02-03,25815.18591,27804.122,26396.83021,Huang Jie,4259464
GAX05-02-04,30607.24375,28936.45784,28663.75935,Huang Jie,4259464
GAX05-02-05,28806.54933,26136.02409,27165.95982,Huang Jie,4259464
GNE01-01-01,39728.83573,38200.56203,39227.08743,Huang Jie,4259464
GNE01-01-02,37296.8568,38019.12314,38126.93971,Huang Jie,4259464
GNE01-01-03,38336.64119,39491.91842,40084.38617,Huang Jie,4259464
GNE01-01-04,40116.48689,40213.83584,40121.02287,Huang Jie,4259464
GNE01-01-05,38171.25267,39911.32138,40260.94016,Huang Jie,4259464
GNE01-02-01,39695.33932,40228.83944,39876.42929,Huang Jie,4259464
GNE01-02-02,39863.51922,39631.13787,39492.26734,Huang Jie,4259464
GNE01-02-03,39864.9149,39810.83215,39854.79619,Huang Jie,4259464
GNE01-02-04,39880.96526,40157.65957,40119.9761,Huang Jie,4259464
GNE01-02-05,39592.75657,39812.92568,39800.0156,Huang Jie,4259464
GNE02-01-01,42600.80397,42038.34342,42393.19601,Huang Jie,4259464
GNE02-01-02,42796.89753,43124.18537,42547.76798,Huang Jie,4259464
GNE02-01-03,43365.63866,43356.2178,43256.77533,Huang Jie,4259464
GNE02-01-04,42422.50537,42736.53421,42619.99462,Huang Jie,4259464
GNE02-01-05,43368.77895,43350.28614,43303.53073,Huang Jie,4259464
GNE02-02-01,42389.7068,43218.0451,42903.66734,Huang Jie,4259464
GNE02-02-02,43750.49845,43122.78969,392480.2268,Huang Jie,4259464
GNE02-02-03,41485.24311,42270.66365,42999.51975,Huang Jie,4259464
GNE02-02-04,44044.1755,42966.76335,43231.63057,Huang Jie,4259464
GNE02-02-05,43370.17463,43120.34724,43139.18897,Huang Jie,4259464
GNE03-01-01,43783.99486,43703.04521,43716.65312,Huang Jie,4259464
GNE03-01-02,43085.45515,433503.2103,43125.58106,Huang Jie,4259464
GNE03-01-03,44830.40875,45287.49518,44686.65333,Huang Jie,4259464
GNE03-01-04,44097.67479,44172.69279,44361.11009,Huang Jie,4259464
GNE03-01-05,43016.3688,43575.68906,43642.68188,Huang Jie,4259464
GNE03-02-01,43338.77175,43120.69616,43473.10631,Huang Jie,4259464
GNE03-02-02,43552.66028,43186.99114,42631.50901,Huang Jie,4259464
GNE03-02-03,42771.77523,42981.12779,42948.32922,Huang Jie,4259464
GNE03-02-04,43337.37606,43089.99112,43256.07749,Huang Jie,4259464
GNE03-02-05,43120.34724,42775.26443,42363.88665,Huang Jie,4259464
GNE04-01-01,31503.81487,30549.70193,31023.87894,Huang Jie,2631214
GNE04-01-02,31259.10189,31623.45412,31460.82584,Huang Jie,2631214
GNE04-01-03,30859.46621,31340.29436,31296.16978,Huang Jie,2631214
GNE04-01-04,31031.82786,30772.43372,31283.51641,Huang Jie,2631214
GNE04-01-05,30445.3116,30812.01607,30836.99837,Huang Jie,2631214
GNE04-02-01,30748.34365,31259.34522,30986.24327,Huang Jie,2631214
GNE04-02-02,30779.4093,30991.35329,31270.37637,Huang Jie,2631214
GNE04-02-03,31583.62845,31477.53479,31332.58878,Huang Jie,2631214
GNE04-02-04,29936.50004,30950.71649,30459.10054,Huang Jie,2631214
GNE04-02-05,31112.93922,30598.61208,23056.55328,Huang Jie,2631214
GNE05-01-01,27634.4785,28087.56656,27788.18453,Huang Jie,2631214
GNE05-01-02,30365.09247,29959.37344,30171.23631,Huang Jie,2631214
GNE05-01-03,28098.11104,29077.28739,28606.59816,Huang Jie,2631214
GNE05-01-04,29897.48547,30448.06939,30023.53253,Huang Jie,2631214
GNE05-01-05,30689.4568,30820.04609,31246.12407,Huang Jie,2631214
GNE05-02-01,39187.82667,39886.47474,38955.09913,Huang Jie,4259464
GNE05-02-02,38701.65884,39474.31427,38849.44082,Huang Jie,4259464
GNE05-02-03,38448.21855,38722.60431,38326.26932,Huang Jie,4259464
GNE05-02-04,28364.07519,28299.1861,28428.07205,Huang Jie,4259464
GNE05-02-05,28137.04449,28046.92977,27997.53295,Huang Jie,4259464
GPA01-01-01,31333.44907,31586.06783,31189.34472,Huang Jie,4259464
GPA01-01-02,23689.28918,24735.70307,25269.5521,Huang Jie,4259464
GPA01-01-03,31086.76196,31923.47437,31690.04627,Huang Jie,4259464
GPA01-01-04,31034.0749,31696.67576,31620.611,Huang Jie,4259464
GPA01-01-05,25476.46222,26638.36894,27437.04896,Huang Jie,4259464
GPA01-02-01,34486.29865,32192.14349,33644.70135,Huang Jie,4259464
GPA01-02-02,24488.66705,24052.8648,24296.41161,Huang Jie,4259464
GPA01-02-03,26292.23937,27350.16765,27894.13539,Huang Jie,4259464
GPA01-02-04,23527.04094,23141.83223,23599.6165,Huang Jie,4259464
GPA01-02-05,33012.1077,33971.64027,33270.30919,Huang Jie,4259464
GPA03-01-01,26433.20343,27298.52735,26291.54153,Huang Jie,4259464
GPA03-01-02,24449.93682,26145.69258,26497.7538,Huang Jie,4259464
GPA03-01-03,31239.93826,30168.75098,28798.18954,Huang Jie,4259464
GPA03-01-04,31567.57502,30559.54243,31066.52455,Huang Jie,4259464
GPA03-01-05,21737.77438,22426.89323,22181.95073,Huang Jie,4259464
GPA03-02-01,21672.87508,21752.77798,22169.04066,Huang Jie,4259464
GPA03-02-02,22764.29977,22967.37176,22234.98671,Huang Jie,4259464
GPA03-02-03,22258.71334,21691.71681,21943.98665,Huang Jie,4259464
GPA03-02-04,21543.07649,21188.2239,21023.53322,Huang Jie,4259464
GPA03-02-05,22764.29977,21820.81756,21898.97585,Huang Jie,4259464
GPA04-01-01,15693.99392,15389.42076,15311.71608,Huang Jie,2631214
GPA04-01-02,15441.73759,15612.477,14972.58948,Huang Jie,2631214
GPA04-01-03,14992.7862,15337.18504,14866.49582,Huang Jie,2631214
GPA04-01-04,14667.2052,14387.93879,14558.51598,Huang Jie,2631214
GPA04-01-05,15036.82967,15118.02215,15368.33181,Huang Jie,2631214
GPA04-02-01,14315.58745,15125.88995,15327.93835,Huang Jie,2631214
GPA04-02-02,14468.23903,14355.25091,14630.94842,Huang Jie,2631214
GPA04-02-03,14226.04051,14363.7676,14299.20296,Huang Jie,2631214
GPA04-02-04,13812.21034,14047.5144,14136.7369,Huang Jie,2631214
GPA04-02-05,15117.04881,14995.21955,15310.66163,Huang Jie,2631214
GPA05-01-01,14491.51799,14631.19176,14589.74385,Huang Jie,2631214
GPA05-01-02,14679.20968,14801.36339,14639.46512,Huang Jie,2631214
GPA05-01-03,14071.44225,14066.25113,14021.0721,Huang Jie,2631214
GPA05-01-04,14387.69545,14559.16487,14444.55452,Huang Jie,2631214
GPA05-01-05,14387.77656,14497.19579,14508.55138,Huang Jie,2631214
GPA05-02-01,22653.34292,22747.90049,22147.75648,Huang Jie,4259464
GPA05-02-02,21870.01541,22974.00126,22415.37884,Huang Jie,4259464
GPA05-02-03,24740.58796,24365.84688,23855.02662,Huang Jie,4259464
GPA05-02-04,24647.77499,24397.9476,24921.67793,Huang Jie,4259464
GPA05-02-05,24008.90076,23766.40071,22952.71708,Huang Jie,4259464
GPA06-01-01,14013.85319,14236.34165,14217.60493,Huang Jie,2631214
GPA06-01-02,15198.16017,15036.91079,14639.14067,Huang Jie,2631214
GPA06-01-03,14567.43823,14405.21551,14760.07771,Huang Jie,2631214
GPA06-01-04,15117.77881,14935.19714,14669.07076,Huang Jie,2631214
GPA06-01-05,15061.81197,15328.66835,15202.45907,Huang Jie,2631214
GPA06-02-01,22175.67015,22639.735,23151.25309,Huang Jie,4259464
GPA06-02-02,23248.95096,23595.42945,23114.6164,Huang Jie,4259464
GPA06-02-03,21038.1879,21537.14484,21906.30319,Huang Jie,4259464
GPA06-02-04,19794.63368,22025.63415,21718.58373,Huang Jie,4259464
GPA06-02-05,14829.63152,14109.80524,14658.57678,Huang Jie,4259464
HCR01-01-01,25172.04335,25084.07234,25549.52742,Huang Jie,4259464
HCR01-01-02,problematic,,,Huang Jie,#VALUE!
HCR01-01-03,25314.47261,24874.1521,25686.83667,Huang Jie,4259464
HCR01-01-04,25686.60394,25909.55692,25316.56715,Huang Jie,4259464
HCR01-01-05,27452.30778,28355.0579,26727.12877,Huang Jie,4259464
HCR01-02-01,problematic,,,,#VALUE!
HCR01-02-02,,,,,#VALUE!
HCR01-02-03,,,,,#VALUE!
HCR01-02-04,,,,,#VALUE!
HCR01-02-05,,,,,#VALUE!
HCR02-01-01,22330.57974,25374.49769,22842.97518,Huang Jie,4259464
HCR02-01-02,28442.09102,27234.86191,28804.85507,Huang Jie,4259464
HCR02-01-03,24431.75179,24288.04564,25412.5502,Huang Jie,4259464
HCR02-01-04,27497.896,24276.1455,26737.42153,Huang Jie,4259464
HCR02-01-05,30180.55721,31251.33661,30311.51299,Huang Jie,4259464
HCR02-02-01,31796.37675,31595.41652,30328.03665,Huang Jie,4259464
HCR02-02-02,31870.85732,31016.47574,31871.95114,Huang Jie,4259464
HCR02-02-03,30222.45592,31251.84861,29645.43126,Huang Jie,4259464
HCR02-02-04,31871.58653,31715.97714,32463.45921,Huang Jie,4259464
HCR02-02-05,31792.50572,30610.17224,32541.72548,Huang Jie,4259464
HCR03-01-01,Problematic,,,Huang Jie,#VALUE!
HCR03-01-02,31295.93497,31630.3722,31215.19403,Huang Jie,4259464
HCR03-01-03,32385.88337,32541.34536,32374.63487,Huang Jie,4259464
HCR03-01-04,31251.09613,31878.38218,31261.9102,Huang Jie,4259464
HCR03-01-05,31878.10291,32533.96014,31801.78379,Huang Jie,4259464
HCR03-02-01,30299.83783,31049.71699,31258.96232,Huang Jie,4259464
HCR03-02-02,32541.06609,31798.31615,31808.21483,Huang Jie,4259464
HCR03-02-03,30591.55404,31680.63359,31859.53901,Huang Jie,4259464
HCR03-02-04,31592.17385,31789.19323,31858.78652,Huang Jie,4259464
HCR03-02-05,32538.51384,31804.11106,31243.63333,Huang Jie,4259464
HCR04-01-01,Problematic,,,Huang Jie,#VALUE!
HCR04-01-02,,,,Huang Jie,#VALUE!
HCR04-01-03,,,,Huang Jie,#VALUE!
HCR04-01-04,,,,Huang Jie,#VALUE!
HCR04-01-05,,,,Huang Jie,#VALUE!
HCR04-02-01,,,,Huang Jie,#VALUE!
HCR04-02-02,,,,Huang Jie,#VALUE!
HCR04-02-03,,,,Huang Jie,#VALUE!
HCR04-02-04,,,,Huang Jie,#VALUE!
HCR04-02-05,,,,Huang Jie,#VALUE!
HCR05-01-01,31254.75771,31719.81715,30912.33792,Huang Jie,4259464
HCR05-01-02,30670.06855,32546.54294,31032.852,Huang Jie,4259464
HCR05-01-03,32188.92605,31878.91745,31711.95872,Huang Jie,4259464
HCR05-01-04,31777.06812,32459.61145,31705.20186,Huang Jie,4259464
HCR05-01-05,28569.22154,30670.01425,29863.41939,Huang Jie,4259464
HCR05-02-01,31159.90572,30787.4796,29910.31399,Huang Jie,4259464
HCR05-02-02,30747.52028,31219.78652,30561.29946,Huang Jie,4259464
HCR05-02-03,31804.29725,31204.51183,30662.62127,Huang Jie,4259464
HCR05-02-04,32181.78131,31224.0687,30389.41466,Huang Jie,4259464
HCR05-02-05,30623.25929,31170.92925,30985.67037,Huang Jie,4259464
KMA05-01-01,25115.25783,24153.16219,24503.64986,Huang Jie,4259464
KMA05-01-02,23596.47791,24016.08567,23954.87832,Huang Jie,4259464
KMA05-01-03,22896.20075,23345.83035,23128.92829,Huang Jie,4259464
KMA05-01-04,23102.8628,23710.97986,24178.29676,Huang Jie,4259464
KMA05-01-05,24503.41713,24269.0605,24758.02106,Huang Jie,4259464
KMA05-02-01,24271.6205,23783.1254,24069.613,Huang Jie,4259464
KMA05-02-02,24068.91482,23468.01231,23810.35452,Huang Jie,4259464
KMA05-02-03,23679.32892,24886.95212,24494.57349,Huang Jie,4259464
KMA05-02-04,23720.28896,24270.92232,24199.70769,Huang Jie,4259464
KMA05-02-05,24898.35577,24862.74845,25083.83962,Huang Jie,4259464
KMA06-01-01,19127.17825,18176.95171,18725.72325,Huang Jie,4259464
KMA06-01-02,19736.22622,18926.56711,19759.03352,Huang Jie,4259464
KMA06-01-03,19789.98628,19605.43335,19671.52797,Huang Jie,4259464
KMA06-01-04,19060.15272,18484.15206,19423.90587,Huang Jie,4259464
KMA06-01-05,23562.96515,22535.47306,23046.31001,Huang Jie,4259464
KMA06-02-01,20411.87482,19853.95024,20911.5296,Huang Jie,4259464
KMA06-02-02,19826.73441,20014.80279,19515.84585,Huang Jie,4259464
KMA06-02-03,22959.6955,21236.37499,21928.28521,Huang Jie,4259464
KMA06-02-04,18528.74852,19653.3207,19164.48247,Huang Jie,4259464
KMA06-02-05,19326.03286,20214.73449,19900.70564,Huang Jie,4259464
KMA07-01-01,22556.3429,23703.94386,22364.08746,Huang Jie,4259464
KMA07-01-02,23063.32502,24017.9727,22771.62711,Huang Jie,4259464
KMA07-01-03,24363.75335,23703.59494,24107.9943,Huang Jie,4259464
KMA07-01-04,28325.05275,34449.66196,28187.22898,Huang Jie,4259464
KMA07-01-05,27360.9842,28186.88006,26807.24667,Huang Jie,4259464
KMA07-02-01,12863.0452,13770.5191,13565.5507,Huang Jie,2631214
KMA07-02-02,15115.75103,14249.88725,14591.28497,Huang Jie,2631214
KMA07-02-03,15710.70286,15035.12634,15085.41538,Huang Jie,2631214
KMA07-02-04,15165.5534,15458.36542,14595.34054,Huang Jie,2631214
KMA07-02-05,14558.43487,15117.12992,14898.61591,Huang Jie,2631214
LMU01-01-01,36211.36377,35025.73042,35812.19822,Huang Jie,4259464
LMU01-01-02,34196.69428,36386.871,34114.69786,Huang Jie,4259464
LMU01-01-03,33273.44948,33085.03217,33233.32357,Huang Jie,4259464
LMU01-01-04,35700.89244,35164.60096,34449.31304,Huang Jie,4259464
LMU01-01-05,34512.81665,34079.45684,34226.35256,Huang Jie,4259464
LMU01-02-01,33082.58972,33595.5035,33584.33803,Huang Jie,4259464
LMU01-02-02,32558.51048,33246.93149,32870.09687,Huang Jie,4259464
LMU01-02-03,33458.72649,32722.50332,32901.49976,Huang Jie,4259464
LMU01-02-04,32883.00695,33156.21204,33416.85598,Huang Jie,4259464
LMU01-02-05,32827.87744,32635.27308,33250.76962,Huang Jie,4259464
LMU02-01-01,26797.82581,27817.37278,27339.00218,Huang Jie,4259464
LMU02-01-02,29650.25447,29147.4594,28744.80464,Huang Jie,4259464
LMU02-01-03,31185.15767,30145.37328,30925.56049,Huang Jie,4259464
LMU02-01-04,29915.43438,29303.77598,29792.96313,Huang Jie,4259464
LMU02-01-05,30839.37702,29900.08186,30141.88407,Huang Jie,4259464
LMU02-02-01,31506.16493,32304.14711,31307.97784,Huang Jie,4259464
LMU02-02-02,29048.71477,29409.1501,29520.45588,Huang Jie,4259464
LMU02-02-03,30145.7222,31031.28354,30102.80492,Huang Jie,4259464
LMU02-02-04,31502.3268,31931.49955,31697.3736,Huang Jie,4259464
LMU02-02-05,31819.49593,32184.81615,31199.81235,Huang Jie,4259464
LMU03-01-01,34853.36348,34976.18365,33971.29135,Huang Jie,4259464
LMU03-01-02,30870.7799,31351.59296,30521.16113,Huang Jie,4259464
LMU03-01-03,32245.5284,31537.21889,32272.39531,Huang Jie,4259464
LMU03-01-04,30612.92733,31190.7404,30426.60355,Huang Jie,4259464
LMU03-01-05,31725.6362,30494.29421,31027.79433,Huang Jie,4259464
LMU03-02-01,32045.5967,31223.19005,31481.04262,Huang Jie,4259464
LMU03-02-02,30133.50996,29750.04586,30670.84821,Huang Jie,4259464
LMU03-02-03,33101.78038,32691.44935,33599.69055,Huang Jie,4259464
LMU03-02-04,33528.51068,32646.08963,32898.01055,Huang Jie,4259464
LMU03-02-05,33602.133,32936.74077,33512.46032,Huang Jie,4259464
LMU04-01-01,28392.04557,29632.11058,30144.32651,Huang Jie,4259464
LMU04-01-02,34791.9534,34171.57197,35226.01104,Huang Jie,4259464
LMU04-01-03,27382.6173,28012.76851,27784.57422,Huang Jie,4259464
LMU04-01-04,29255.27597,29667.00267,28745.8514,Huang Jie,4259464
LMU04-01-05,26728.39054,27036.13881,27887.50589,Huang Jie,4259464
LMU04-02-01,30541.04962,30332.3949,30794.0173,Huang Jie,4259464
LMU04-02-02,31188.64688,31676.08943,30843.21515,Huang Jie,4259464
LMU04-02-03,34357.89575,34868.716,34317.072,Huang Jie,4259464
LMU04-02-04,33634.58265,33299.61855,33983.50358,Huang Jie,4259464
LMU04-02-05,33983.85251,34645.05768,34265.4317,Huang Jie,4259464
LMU05-01-01,28906.00611,28036.84405,29290.51698,Huang Jie,4259464
LMU05-01-02,34884.76636,34332.42452,34509.67636,Huang Jie,4259464
LMU05-01-03,35376.39596,34296.83459,34556.43176,Huang Jie,4259464
LMU05-01-04,33252.51422,34191.46046,34296.83459,Huang Jie,4259464
LMU05-01-05,33280.77682,32886.49616,32304.14711,Huang Jie,4259464
LMU05-02-01,28488.69667,29024.29031,29282.84072,Huang Jie,4259464
LMU05-02-02,29274.81554,29411.94147,28688.62836,Huang Jie,4259464
LMU05-02-03,30123.04234,29761.21133,30670.84821,Huang Jie,4259464
LMU05-02-04,31571.41315,32411.61476,32739.94936,Huang Jie,4259464
LMU05-02-05,33623.06826,34263.6871,33945.12228,Huang Jie,4259464
MBA01-01-01,34588.53249,33194.24442,34502.34902,Huang Jie,4259464
MBA01-01-02,34092.36692,35731.59748,34500.60441,Huang Jie,4259464
MBA01-01-03,34454.54685,35918.6191,35161.46067,Huang Jie,4259464
MBA01-01-04,38019.12314,36767.54374,36540.04729,Huang Jie,4259464
MBA01-01-05,30498.83019,30908.11445,31623.05345,Huang Jie,4259464
MBA01-02-01,28664.90174,27490.43387,26961.46973,Huang Jie,4259464
MBA01-02-02,38781.16647,37956.31737,35165.99664,Huang Jie,4259464
MBA01-02-03,40996.81442,39873.289,40046.35379,Huang Jie,4259464
MBA01-02-04,35538.29812,36594.98588,34891.46684,Huang Jie,4259464
MBA01-02-05,36557.14442,37650.66263,35519.80247,Huang Jie,4259464
MBA02-01-01,34818.47139,36052.60474,35021.19445,Huang Jie,4259464
MBA02-01-02,34313.58279,33202.96745,35202.28442,Huang Jie,4259464
MBA02-01-03,33729.14022,34016.30215,32690.40259,Huang Jie,4259464
MBA02-01-04,32717.2695,33768.56829,33731.23375,Huang Jie,4259464
MBA02-01-05,34602.83825,38313.26349,34470.59721,Huang Jie,4259464
MBA02-02-01,31020.11807,29969.51712,30678.52447,Huang Jie,4259464
MBA02-02-02,33211.69047,32324.73345,32495.35579,Huang Jie,4259464
MBA02-02-03,29230.15366,28493.93048,29472.65371,Huang Jie,4259464
MBA02-02-04,30318.43806,29126.17522,30623.39496,Huang Jie,4259464
MBA02-02-05,32189.35213,31084.66844,32038.9672,Huang Jie,4259464
MBA03-01-01,32505.998,27930.47,27666.45,Amanda,4259487
MBA03-01-02,48691.356,43601.586,42730.172,Amanda,4259487
MBA03-01-03,31606.407,31689.232,33307.848,Amanda,4259487
MBA03-01-04,41516.62,45903.765,40960.222,Amanda,4259487
MBA03-01-05,43742,39856.746,38311.703,Amanda,4259487
MBA03-02-01,39770.806,29108.147,43439.754,Amanda,4259487
MBA03-02-02,36832.592,48695.64,49778.886,Amanda,4259487
MBA03-02-03,46990.343,42843.5,46989.042,Amanda,4259487
MBA03-02-04,47473.71,40206.178,42532.991,Amanda,4259487
MBA03-02-05,47593.746,44011.525,38748.255,Amanda,4259487
MBA04-01-01,45672.098,36293.062,37664.976,Amanda,4259487
MBA04-01-02,54672.915,41878.882,50670.916,Amanda,4259487
MBA04-01-03,31426.054,32164.418,28688.521,Amanda,4259487
MBA04-01-04,40474.793,39161.52,48690.023,Amanda,4259487
MBA04-01-05,28001.089,30479.651,30886.163,Amanda,4259487
MBA04-02-01,36337.021,36606.866,29526.095,Amanda,4259487
MBA04-02-02,40947.107,43241.333,37246.485,Amanda,4259487
MBA04-02-03,33329.235,34745.616,31821.83,Amanda,4259487
MBA04-02-04,37728.712,34169.273,35964.332,Amanda,4259487
MBA04-02-05,38041.72,29975.632,36697.956,Amanda,4259487
MBA05-01-01,29183.123,44899.763,43375.903,Amanda,4259487
MBA05-01-02,38957.585,53049.791,36024.837,Amanda,4259487
MBA05-01-03,35263.679,36791.676,42148.102,Amanda,4259487
MBA05-01-04,48135.696,50447.598,47545.719,Amanda,4259487
MBA05-01-05,49902.138,48742.76,46000.064,Amanda,4259487
MBA05-02-01,40695.849,39843.778,41252.566,Amanda,4259487
MBA05-02-02,46722.49,46790.48,49969.923,Amanda,4259487
MBA05-02-03,41801.711,45102.201,48646.739,Amanda,4259487
MBA05-02-04,46951.021,39538.884,34481.985,Amanda,4259487
MBA05-02-05,34498.836,39188.047,35057.027,Amanda,4259487
MBE01-01-01,30503.327,29944.414,29515.085,Amanda,4259487
MBE01-01-02,28944.973,27374.567,27602.626,Amanda,4259487
MBE01-01-03,34859.934,31869.459,31453.61,Amanda,4259487
MBE01-01-04,30386.809,28810.751,31190.967,Amanda,4259487
MBE01-01-05,25913.726,25091.473,26863.798,Amanda,4259487
MBE01-02-01,32076.941,25954.372,26741.537,Amanda,4259487
MBE01-02-02,28407.126,27570.779,27950.786,Amanda,4259487
MBE01-02-03,30283.077,30198.745,29669.529,Amanda,4259487
MBE01-02-04,28932.289,29433.696,28804.196,Amanda,4259487
MBE01-02-05,29327.686,29567,28944.794,Amanda,4259487
MBE02-01-01,29131.161,26126.299,26644.995,Amanda,4259487
MBE02-01-02,,,,Amanda,4259487
MBE02-01-03,28229.74,27728.83,30909.792,Amanda,4259487
MBE02-01-04,30944.834,34738.665,32648.574,Amanda,4259487
MBE02-01-05,30434.676,30906.165,27246.87,Amanda,4259487
MBE02-02-01,26180.409,27197.371,24990.928,Amanda,4259487
MBE02-02-02,29971.878,29842.152,28412.701,Amanda,4259487
MBE02-02-03,27497.066,36449.259,29709.272,Amanda,4259487
MBE02-02-04,26988.303,55965.779,29232.536,Amanda,4259487
MBE02-02-05,26987.857,28505.373,28294.75,Amanda,4259487
MBE03-01-01,30866.213,29948.431,61032.958,Amanda,4259487
MBE03-01-02,29862.494,29702.114,29202.694,Amanda,4259487
MBE03-01-03,28067.935,29825.672,28412.161,Amanda,4259487
MBE03-01-04,26733.279,28326.855,29134.27,Amanda,4259487
MBE03-01-05,30155.297,27618.449,30631.919,Amanda,4259487
MBE03-02-01,30492.947,31901.276,30749.221,Amanda,4259487
MBE03-02-02,28056.588,28561.322,27530.219,Amanda,4259487
MBE03-02-03,29245.624,28632.315,28637.796,Amanda,4259487
MBE03-02-04,27224.254,27258.343,26284.524,Amanda,4259487
MBE03-02-05,32484.684,32582.961,30569.775,Amanda,4259487
MBE04-01-01,,,,,0
MBE04-01-02,,,,,0
MBE04-01-03,,,,,0
MBE04-01-04,,,,,0
MBE04-01-05,,,,,0
MBE04-02-01,,,,,0
MBE04-02-02,,,,,0
MBE04-02-03,,,,,0
MBE04-02-04,,,,,0
MBE04-02-05,,,,,0
MBE05-01-01,,,,,0
MBE05-01-02,,,,,0
MBE05-01-03,,,,,0
MBE05-01-04,,,,,0
MBE05-01-05,,,,,0
MBE05-02-01,,,,,0
MBE05-02-02,,,,,0
MBE05-02-03,,,,,0
MBE05-02-04,,,,,0
MBE05-02-05,,,,,0
MGI01-01-01,13144.63408,12421.43105,13047.94918,Huang Jie,3593637
MGI01-01-02,18395.91314,17919.57888,17879.61579,Huang Jie,3593637
MGI01-01-03,17126.76272,17153.18992,15145.36689,Huang Jie,3593637
MGI01-01-04,16559.54465,14661.9424,14763.13926,Huang Jie,3593637
MGI01-01-05,17575.38064,17869.9473,18361.10657,Huang Jie,3593637
MGI01-02-01,17863.50164,17220.86935,18416.53925,Huang Jie,3593637
MGI01-02-02,16642.69367,17694.62535,17216.35739,Huang Jie,3593637
MGI01-02-03,17660.46335,17405.21522,18515.80241,Huang Jie,3593637
MGI01-02-04,17122.25076,17766.81674,17358.80647,Huang Jie,3593637
MGI01-02-05,17248.58569,17343.98145,15655.21858,Huang Jie,3593637
MGI02-01-01,23264.22444,23285.1001,23757.12973,Huang Jie,4259464
MGI02-01-02,22077.96563,20344.0291,21506.37516,Huang Jie,4259464
MGI02-01-03,23309.74595,23955.2856,23812.99598,Huang Jie,4259464
MGI02-01-04,22899.33093,21901.16252,23929.3132,Huang Jie,4259464
MGI02-01-05,23021.37325,22618.31243,22722.69073,Huang Jie,4259464
MGI02-02-01,24317.44456,24670.38751,23016.64889,Huang Jie,4259464
MGI02-02-02,23020.11653,23936.16703,24124.54834,Huang Jie,4259464
MGI02-02-03,22873.30036,21746.29398,20707.65424,Huang Jie,4259464
MGI02-02-04,19152.35937,18207.28775,21520.83917,Huang Jie,4259464
MGI02-02-05,21246.11595,21971.76042,19572.87476,Huang Jie,4259464
MGI03-01-01,30283.272,29960.6,28203.533,Amanda,4259487
MGI03-01-02,22933.976,26513.551,23501.228,Amanda,4259487
MGI03-01-03,20867.087,20611.043,23633.713,Amanda,4259487
MGI03-01-04,23351.316,24262.699,22998.318,Amanda,4259487
MGI03-01-05,23991.134,20244.3,22648.079,Amanda,4259487
MGI03-02-01,17720.532,18084.778,17526.196,Amanda,4259487
MGI03-02-02,28039.508,30926.739,26319.505,Amanda,4259487
MGI03-02-03,18064.666,17906.318,17830.553,Amanda,4259487
MGI03-02-04,22498.309,23988.991,23335.537,Amanda,4259487
MGI03-02-05,16947.327,17499.092,16926.659,Amanda,4259487
MGI04-01-01,24357.771,25598.663,24277.732,Amanda,4259487
MGI04-01-02,25195.381,26198.424,24792.743,Amanda,4259487
MGI04-01-03,22524.189,24801.777,26153.47,Amanda,4259487
MGI04-01-04,26851.514,28952.883,24771.375,Amanda,4259487
MGI04-01-05,26811.952,36638.828,33409.691,Amanda,4259487
MGI04-02-01,27153.662,29374.362,26886.402,Amanda,4259487
MGI04-02-02,28784.277,28954.694,33320.386,Amanda,4259487
MGI04-02-03,28123.157,29535.878,18734.564,Amanda,4259487
MGI04-02-04,22534.413,31666.044,34827.818,Amanda,4259487
MGI04-02-05,31818.318,29592.795,33772.237,Amanda,4259487
MGI05-01-01,30125.278,29849.486,29899.683,Amanda,4259487
MGI05-01-02,28518.268,24114.487,23653.101,Amanda,4259487
MGI05-01-03,26450.723,25930.982,25063.438,Amanda,4259487
MGI05-01-04,28133.32,26403.292,25821.193,Amanda,4259487
MGI05-01-05,24908.01,23258.132,20888.381,Amanda,4259487
MGI05-02-01,24773.885,24203.367,24616.722,Amanda,4259487
MGI05-02-02,28153.36,28167.369,30091.782,Amanda,4259487
MGI05-02-03,24007.357,23512.966,23026.205,Amanda,4259487
MGI05-02-04,25050.184,23686.769,23725.535,Amanda,4259487
MGI05-02-05,27303.191,28414.688,27497.37,Amanda,4259487
MRE01-01-01,28460.83257,29036.7285,30785.92032,Huang Jie,4259464
MRE01-01-02,34263.70758,32126.07022,33702.81093,Huang Jie,4259464
MRE01-01-03,30165.0847,31409.63013,29850.94907,Huang Jie,4259464
MRE01-01-04,36795.79484,38315.24967,35562.6647,Huang Jie,4259464
MRE01-01-05,29682.02379,31871.16375,32190.59393,Huang Jie,4259464
MRE01-02-01,32094.55891,32403.67926,33365.76327,Huang Jie,4259464
MRE01-02-02,34646.92838,34629.50872,33715.61095,Huang Jie,4259464
MRE01-02-03,37261.64555,35019.0248,36111.52933,Huang Jie,4259464
MRE01-02-04,39156.46663,36845.79635,35953.4026,Huang Jie,4259464
MRE01-02-05,35021.25899,34781.04926,33638.53159,Huang Jie,4259464
MRE02-01-01,37094.18645,36169.62976,35953.4026,Huang Jie,4259464
MRE02-01-02,35005.54988,37204.09203,35739.71217,Huang Jie,4259464
MRE02-01-03,37555.06843,37095.47809,39293.9737,Huang Jie,4259464
MRE02-01-04,32742.2862,35953.63533,33831.27653,Huang Jie,4259464
MRE02-01-05,35717.88233,33831.34635,37094.17481,Huang Jie,4259464
MRE02-02-01,33849.03365,35123.10056,33714.22622,Huang Jie,4259464
MRE02-02-02,36027.01432,35193.71009,37117.59884,Huang Jie,4259464
MRE02-02-03,35913.37346,34768.37724,37118.72757,Huang Jie,4259464
MRE02-02-04,34309.95054,37224.57205,35081.06997,Huang Jie,4259464
MRE02-02-05,35045.47429,36077.16711,35027.03063,Huang Jie,4259464
MRE03-01-01,30848.60549,32085.64545,33849.54565,Huang Jie,4259464
MRE03-01-02,35071.85395,33714.34258,34389.08954,Huang Jie,4259464
MRE03-01-03,36540.74873,36070.54601,37112.93265,Huang Jie,4259464
MRE03-01-04,34685.68915,35950.35387,32329.97445,Huang Jie,4259464
MRE03-01-05,33497.51033,36077.29511,34785.5409,Huang Jie,4259464
MRE03-02-01,34146.93653,33744.30625,36972.66777,Huang Jie,4259464
MRE03-02-02,34534.28825,33369.26582,33364.83236,Huang Jie,4259464
MRE03-02-03,32184.55465,34662.18367,34644.71747,Huang Jie,4259464
MRE03-02-04,34609.81997,34389.22917,35704.17468,Huang Jie,4259464
MRE03-02-05,33715.52949,34773.00852,35803.08388,Huang Jie,4259464
MRE04-01-01,40299.254,39902.683,64594.6,Amanda,4259487
MRE04-01-02,63682.193,68934.652,41878.397,Amanda,4259487
MRE04-01-03,40956.802,40402.946,40583.788,Amanda,4259487
MRE04-01-04,44161.209,47381.633,45720.489,Amanda,4259487
MRE04-01-05,40886.838,41533.133,41660.473,Amanda,4259487
MRE04-02-01,35995.732,,,Amanda,4259487
MRE04-02-02,37868.734,32592.771,31468.154,Amanda,4259487
MRE04-02-03,33486.716,37881.371,45775.4,Amanda,4259487
MRE04-02-04,44705.147,45361.729,42170.272,Amanda,4259487
MRE04-02-05,41011.659,42688.519,46154.708,Amanda,4259487
MRE05-01-01,,,,Amanda,4259487
MRE05-01-02,46186.586,44499.971,44715.657,Amanda,4259487
MRE05-01-03,51717.859,47186.153,47772.82,Amanda,4259487
MRE05-01-04,45126.975,47194.77,46070.952,Amanda,4259487
MRE05-01-05,44313.631,44916.007,50632.802,Amanda,4259487
MRE05-02-01,50919.721,52024.953,51913.956,Amanda,4259487
MRE05-02-02,48808.776,49301.831,49599.746,Amanda,4259487
MRE05-02-03,43289.292,43847.603,43521.684,Amanda,4259487
MRE05-02-04,47111.987,42194.497,43525.014,Amanda,4259487
MRE05-02-05,47604.453,49506.446,49166.485,Amanda,4259487
PAX01-01-01,33285.29773,29635.38519,33317.55377,Huang Jie,4259464
PAX01-01-02,33176.70706,33092.8786,33458.22593,Huang Jie,4259464
PAX01-01-03,31358.37189,32411.16146,31143.47128,Huang Jie,4259464
PAX01-01-04,30550.28369,31428.43451,32451.50477,Huang Jie,4259464
PAX01-01-05,33457.27174,30323.72343,314157.4272,Huang Jie,4259464
PAX02-01-01,30191.94146,30273.12846,31388.24247,Huang Jie,4259464
PAX02-01-02,30364.45075,26408.33859,28407.63106,Huang Jie,4259464
PAX02-01-03,29113.88932,28538.36575,28839.70137,Huang Jie,4259464
PAX02-01-04,28936.10875,30543.59277,29862.46908,Huang Jie,4259464
PAX02-01-05,32604.95368,30850.29276,31113.0887,Huang Jie,4259464
PAX02-02-01,29361.54633,28969.47024,30134.35303,Huang Jie,4259464
PAX02-02-02,24739.03049,25383.33669,26255.82059,Huang Jie,4259464
PAX02-02-03,30797.21924,30190.14946,32190.96629,Huang Jie,4259464
PAX02-02-04,27430.23357,30373.9344,29990.24814,Huang Jie,4259464
PAX02-02-05,28149.60603,26922.14281,28840.50428,Huang Jie,4259464
PAX03-01-01,31421.58069,31246.97685,31397.74939,Huang Jie,4259464
PAX03-01-02,31158.52875,31951.80384,30220.97422,Huang Jie,4259464
PAX03-01-03,34517.00823,33412.49496,36586.18878,Huang Jie,4259464
PAX03-01-04,32392.91562,34235.89663,31345.64169,Huang Jie,4259464
PAX03-01-05,32121.45058,32202.25358,33229.93185,Huang Jie,4259464
PAX03-02-01,28833.46427,27897.71338,28021.30334,Huang Jie,4259464
PAX03-02-02,34050.20333,29399.7951,32202.12558,Huang Jie,4259464
PAX03-02-03,30224.12768,30363.53148,33370.52255,Huang Jie,4259464
PAX03-02-04,29700.09508,31130.90399,29205.74688,Huang Jie,4259464
PAX03-02-05,30761.54211,29844.83997,30887.44771,Huang Jie,4259464
PAX04-01-01,36821.51123,37423.36792,36058.28127,Huang Jie,4259464
PAX04-01-02,34140.48998,36882.90475,36990.48306,Huang Jie,4259464
PAX04-01-03,34467.85617,35585.6,34878.44573,Huang Jie,4259464
PAX04-01-04,35949.70223,36973.71504,35821.09699,Huang Jie,4259464
PAX04-01-05,33122.819,34273.28431,35821.56245,Huang Jie,4259464
PAX04-02-01,34197.08932,35435.7351,34646.09056,Huang Jie,4259464
PAX04-02-02,37089.22935,34656.41202,33482.38304,Huang Jie,4259464
PAX04-02-03,38258.85978,33849.4991,35948.16623,Huang Jie,4259464
PAX04-02-04,37222.34951,34656.22584,347164.4293,Huang Jie,4259464
PAX04-02-05,32459.41751,32445.73313,33432.06735,Huang Jie,4259464
PAX06-01-01,,,,,#VALUE!
PAX06-01-02,,,,,#VALUE!
PAX06-01-03,,,,,#VALUE!
PAX06-01-04,,,,,#VALUE!
PAX06-01-05,,,,,#VALUE!
PAX06-02-01,,,,,#VALUE!
PAX06-02-02,,,,,#VALUE!
PAX06-02-03,,,,,#VALUE!
PAX06-02-04,,,,,#VALUE!
PAX06-02-05,,,,,#VALUE!
PCO01-01-01,25887.14216,27925.18935,26752.81501,Huang Jie,4259464
PCO01-01-02,25172.55208,25904.23929,25904.58821,Huang Jie,4259464
PCO01-01-03,26478.56315,25809.68171,25744.08458,Huang Jie,4259464
PCO01-01-04,26976.47333,27135.93019,27412.27558,Huang Jie,4259464
PCO01-01-05,27174.3115,27164.19279,27450.65688,Huang Jie,4259464
PCO01-02-01,29777.26169,32177.48881,32516.29104,Huang Jie,4259464
PCO01-02-02,24632.42247,26288.05232,26471.93365,Huang Jie,4259464
PCO01-02-03,28323.30814,28475.43767,28179.90164,Huang Jie,4259464
PCO01-02-04,28411.58514,27877.03827,28221.77215,Huang Jie,4259464
PCO01-02-05,30870.43098,30227.3697,30625.83741,Huang Jie,4259464
PCO02-01-01,29059.88024,29586.05301,28698.04923,Huang Jie,4259464
PCO02-01-02,30815.6504,31411.25844,31637.70812,Huang Jie,4259464
PCO02-01-03,28147.80091,28447.87292,28144.66062,Huang Jie,4259464
PCO02-01-04,29365.53498,28783.53486,29193.16804,Huang Jie,4259464
PCO02-01-05,28088.48435,27521.48783,27960.77929,Huang Jie,4259464
PCO02-02-01,36068.6551,34440.93893,33909.88127,Huang Jie,4259464
PCO02-02-02,31149.21881,33864.52154,33033.04295,Huang Jie,4259464
PCO02-02-03,26734.3222,27603.13533,27249.67842,Huang Jie,4259464
PCO02-02-04,29375.30477,30516.27623,30239.23301,Huang Jie,4259464
PCO02-02-05,25848.06302,28063.36205,27558.82237,Huang Jie,4259464
PCO03-01-01,28544.52402,28860.99531,28160.71099,Huang Jie,4259464
PCO03-01-02,26608.01282,26214.77892,26550.44086,Huang Jie,4259464
PCO03-01-03,30414.0424,27442.98062,28530.21826,Huang Jie,4259464
PCO03-01-04,25276.53052,29600.70769,27293.29354,Huang Jie,4259464
PCO03-01-05,26521.48042,28350.8729,27537.53819,Huang Jie,4259464
PCO03-02-01,23753.83955,23337.22795,27334.11729,Huang Jie,4259464
PCO03-02-02,24456.56632,25557.41188,24332.00154,Huang Jie,4259464
PCO03-02-03,24091.94394,25079.39019,22458.29611,Huang Jie,4259464
PCO03-02-04,27279.68562,27650.23966,27024.62442,Huang Jie,4259464
PCO03-02-05,26914.71432,26447.85811,27134.53451,Huang Jie,4259464
PCO04-01-01,,,,,#VALUE!
PCO04-01-02,,,,,#VALUE!
PCO04-01-03,,,,,#VALUE!
PCO04-01-04,,,,,#VALUE!
PCO04-01-05,,,,,#VALUE!
PCO04-02-01,,,,,#VALUE!
PCO04-02-02,,,,,#VALUE!
PCO04-02-03,,,,,#VALUE!
PCO04-02-04,,,,,#VALUE!
PCO04-02-05,,,,,#VALUE!
PCO05-01-01,,,,,#VALUE!
PCO05-01-02,,,,,#VALUE!
PCO05-01-03,,,,,#VALUE!
PCO05-01-04,,,,,#VALUE!
PCO05-01-05,,,,,#VALUE!
PCO05-02-01,,,,,#VALUE!
PCO05-02-02,,,,,#VALUE!
PCO05-02-03,,,,,#VALUE!
PCO05-02-04,,,,,#VALUE!
PCO05-02-05,,,,,#VALUE!
PEC01-01-01,30478.24385,30374.26541,28875.30107,Huang Jie,4259464
PEC01-01-02,26752.46608,25046.94054,28642.22188,Huang Jie,4259464
PEC01-01-03,26155.81128,25463.20322,25046.59162,Huang Jie,4259464
PEC01-01-04,27453.79717,26472.28257,26959.3762,Huang Jie,4259464
PEC01-01-05,26096.49472,24941.56642,26405.63867,Huang Jie,4259464
PEC01-02-01,29239.2256,29601.40554,29426.59615,Huang Jie,4259464
PEC01-02-02,29340.41267,29641.18252,29256.32273,Huang Jie,4259464
PEC01-02-03,29341.45944,29453.11414,28476.83336,Huang Jie,4259464
PEC01-02-04,25939829.22,25860.27525,28530.21826,Huang Jie,4259464
PEC01-02-05,27887.15697,28528.82258,27837.6102,Huang Jie,4259464
PEC02-01-01,25206.39741,27279.68562,30058.84088,Huang Jie,4259464
PEC02-01-02,28556.38733,27118.13523,27900.41597,Huang Jie,4259464
PEC02-01-03,30004.40922,29505.45228,30513.83379,Huang Jie,4259464
PEC02-01-04,29233.99179,28913.68237,29544.1825,Huang Jie,4259464
PEC02-01-05,27247.93382,27450.65688,27139.07048,Huang Jie,4259464
PEC02-02-01,29790.17176,30427.65031,30495.34098,Huang Jie,4259464
PEC02-02-02,27456.58854,26418.54875,27318.76477,Huang Jie,4259464
PEC02-02-03,25356.43342,25841.43352,26193.84366,Huang Jie,4259464
PEC02-02-04,27644.65692,27852.6138,27163.49495,Huang Jie,4259464
PEC02-02-05,24775.48006,25349.455,25782.11696,Huang Jie,4259464
PEC03-01-01,26929.02008,27228.04532,27189.3151,Huang Jie,4259464
PEC03-01-02,26631.73944,25697.67809,28622.33339,Huang Jie,4259464
PEC03-01-03,29746.20772,29800.98831,29964.28331,Huang Jie,4259464
PEC03-01-04,27427.27918,27588.82957,27023.57765,Huang Jie,4259464
PEC03-01-05,31062.3375,30712.02088,30887.87703,Huang Jie,4259464
PEC03-02-01,28364.13189,27090.22155,26188.95877,Huang Jie,4259464
PEC03-02-02,27068.58845,26511.0128,27643.95908,Huang Jie,4259464
PEC03-02-03,26404.59191,26056.36882,26535.78618,Huang Jie,4259464
PEC03-02-04,26480.30775,26590.21785,25271.99455,Huang Jie,4259464
PEC03-02-05,23993.54824,26782.12436,27081.49853,Huang Jie,4259464
PEC04-01-01,27883.66776,28727.70751,28014.51311,Huang Jie,4259464
PEC04-01-02,28953.45936,30361.70426,26977.86901,Huang Jie,4259464
PEC04-01-03,30441.25823,31411.95628,30046.97757,Huang Jie,4259464
PEC04-01-04,27999.16059,27670.47707,28399.72183,Huang Jie,4259464
PEC04-01-05,26990.77908,27366.91586,26403.89407,Huang Jie,4259464
PEC04-02-01,28921.70755,28738.17514,30166.30853,Huang Jie,4259464
PEC04-02-02,28228.75057,27347.7252,28209.55992,Huang Jie,4259464
PEC04-02-03,27852.26488,26907.38698,29299.58893,Huang Jie,4259464
PEC04-02-04,23903.52663,24586.36491,25084.62401,Huang Jie,4259464
PEC04-02-05,26543.81136,28732.94132,26704.315,Huang Jie,4259464
PEC05-01-01,,,,,#VALUE!
PEC05-01-02,,,,,#VALUE!
PEC05-01-03,,,,,#VALUE!
PEC05-01-04,,,,,#VALUE!
PEC05-01-05,,,,,#VALUE!
PEC05-02-01,,,,,#VALUE!
PEC05-02-02,,,,,#VALUE!
PEC05-02-03,,,,,#VALUE!
PEC05-02-04,,,,,#VALUE!
PEC05-02-05,,,,,#VALUE!
PPI02-01-01,41305.95837,40296.5301,41337.36125,Huang Jie,4259464
PPI02-01-02,38234.40736,38528.54771,39575.31052,Huang Jie,4259464
PPI02-01-03,40175.80345,39895.61994,40608.11649,Huang Jie,4259464
PPI02-01-04,40589.97261,40103.2279,40440.98337,Huang Jie,4259464
PPI02-01-05,39529.9508,40119.62718,39809.08755,Huang Jie,4259464
PPI02-02-01,42413.81436,43433.06789,42047.79212,Huang Jie,4259464
PPI02-02-02,41525.29552,42248.72908,41585.24614,Huang Jie,4259464
PPI02-02-03,43803.09304,41995.1957,42173.17408,Huang Jie,4259464
PPI02-02-04,43791.49157,43034.33579,41994.85824,Huang Jie,4259464
PPI02-02-05,44096.91156,42007.18116,43086.62967,Huang Jie,4259464
PPI03-01-01,41045.31443,40123.11639,41494.7246,Huang Jie,4259464
PPI03-01-02,39750.46883,39805.59834,40225.00131,Huang Jie,4259464
PPI03-01-03,41110.91157,40210.34663,40560.66325,Huang Jie,4259464
PPI03-01-04,41309.44758,41307.00513,40455.98697,Huang Jie,4259464
PPI03-01-05,40088.57322,39562.05153,39662.88968,Huang Jie,4259464
PPI03-02-01,38276.97571,38514.59087,39366.30688,Huang Jie,4259464
PPI03-02-02,38692.54055,37820.23821,39188.70612,Huang Jie,4259464
PPI03-02-03,40064.49767,39596.24578,39767.21704,Huang Jie,4259464
PPI03-02-04,41134.98711,40483.2028,40575.66685,Huang Jie,4259464
PPI03-02-05,39983.89694,40040.07321,39275.58744,Huang Jie,4259464
PPI04-01-01,30599.48229,31473.83966,32008.41481,Huang Jie,4259464
PPI04-01-02,30761.22793,30832.20983,31251.58486,Huang Jie,4259464
PPI04-01-03,30509.88219,31481.98512,31160.35566,Huang Jie,4259464
PPI04-01-04,31500.13787,31144.06473,31858.30555,Huang Jie,4259464
PPI04-01-05,31486.8724,31507.58515,31159.89021,Huang Jie,4259464
PPI04-02-01,20534.24895,20848.43113,21057.88592,Huang Jie,4259464
PPI04-02-02,23149.64104,24085.6712,24074.50028,Huang Jie,4259464
PPI04-02-03,23003.9536,22307.6328,23026.7609,Huang Jie,4259464
PPI04-02-04,21424.66452,21744.89761,23589.96154,Huang Jie,4259464
PPI04-02-05,23361.65583,24085.43847,24325.61329,Huang Jie,4259464
PPO01-01-01,38689.557,39547.26271,39799.22518,Huang Jie,4259464
PPO01-01-02,40375.80766,40590.301,39090.05783,Huang Jie,4259464
PPO01-01-03,38398.78722,39009.11519,38260.26779,Huang Jie,4259464
PPO01-01-04,40605.54465,39977.1803,39068.50726,Huang Jie,4259464
PPO01-01-05,38008.64277,37989.81511,39140.4317,Huang Jie,4259464
PPO01-02-01,38290.534,39423.49821,40602.25156,Huang Jie,4259464
PPO01-02-02,36600.5597,37923.92995,37859.37133,Huang Jie,4259464
PPO01-02-03,39442.58187,39807.48701,38507.68043,Huang Jie,4259464
PPO01-02-04,38697.19047,40602.33301,39598.46277,Huang Jie,4259464
PPO01-02-05,3820.711282,38695.04937,38277.60599,Huang Jie,4259464
PPO02-01-01,32433.39857,33713.98186,33492.26233,Huang Jie,4259464
PPO02-01-02,32573.05837,32429.29093,30540.82331,Huang Jie,4259464
PPO02-01-03,30581.74845,33492.68124,31912.13543,Huang Jie,4259464
PPO02-01-04,33645.29232,34773.20634,33685.54255,Huang Jie,4259464
PPO02-01-05,35233.45996,34863.1439,35127.99947,Huang Jie,4259464
PPO02-02-01,33661.03634,34657.11021,33731.20369,Huang Jie,4259464
PPO02-02-02,34792.61582,33715.01749,33714.5404,Huang Jie,4259464
PPO02-02-03,36186.54905,35117.29401,34879.59773,Huang Jie,4259464
PPO02-02-04,32706.80688,34605.97997,33207.75291,Huang Jie,4259464
PPO02-02-05,34712.75536,33719.91641,33715.52949,Huang Jie,4259464
PPO03-01-01,37113.96829,36052.39326,34436.14705,Huang Jie,4259464
PPO03-01-02,33843.50637,33684.11128,34321.9011,Huang Jie,4259464
PPO03-01-03,32458.82406,33120.14263,32347.21956,Huang Jie,4259464
PPO03-01-04,32203.11467,33657.46397,32469.47134,Huang Jie,4259464
PPO03-01-05,29091.25656,31113.75197,32200.67103,Huang Jie,4259464
PPO03-02-01,32457.83496,31097.33304,32205.32558,Huang Jie,4259464
PPO03-02-02,31387.40465,29817.4014,31098.90395,Huang Jie,4259464
PPO03-02-03,32898.85365,31894.4365,31988.2257,Huang Jie,4259464
PPO03-02-04,30551.61024,31166.59276,30369.46603,Huang Jie,4259464
PPO03-02-05,30490.42617,30003.18779,18603.0642,Huang Jie,4259464
PPO06-01-01,36944.33319,35938.95022,35510.03337,Huang Jie,4259464
PPO06-01-02,33913.52245,32436.40076,32717.3029,Huang Jie,4259464
PPO06-01-03,32564.16818,33569.08569,33811.12233,Huang Jie,4259464
PPO06-01-04,31573.44704,33103.63061,32763.8484,Huang Jie,4259464
PPO06-01-05,34867.70536,33182.75797,35434.39692,Huang Jie,4259464
PPO06-02-01,35126.91749,34481.06484,35701.9392,Huang Jie,4259464
PPO06-02-02,36053.30258,35027.82395,34833.47499,Huang Jie,4259464
PPO06-02-03,34830.3347,36041.09035,33985.94603,Huang Jie,4259464
PPO06-02-04,33807.64743,34509.32744,33471.98549,Huang Jie,4259464
PPO06-02-05,31874.97436,34515.95693,33285.31279,Huang Jie,4259464
PPO07-01-01,35211.90939,35745.32091,36288.04153,Huang Jie,4259464
PPO07-01-02,37234.77716,37428.17374,37814.036,Huang Jie,4259464
PPO07-01-03,36045.30671,36976.44959,35754.39728,Huang Jie,4259464
PPO07-01-04,37990.90893,37760.50867,37427.70829,Huang Jie,4259464
PPO07-01-05,38085.16358,37213.83168,37909.45429,Huang Jie,4259464
PPO07-02-01,48420.8052,49136.79096,49826.60765,Huang Jie,4259464
PPO07-02-02,47415.56398,48671.67935,47570.48487,Huang Jie,4259464
PPO07-02-03,48949.76934,48037.34109,50018.51417,Huang Jie,4259464
PPO07-02-04,47579.55682,48316.12892,47745.29426,Huang Jie,4259464
PPO07-02-05,46867.75811,47227.14667,47775.9993,Huang Jie,4259464
RCI01-01-01,34150.06672,36025.1525,37734.02427,Huang Jie,4259464
RCI01-01-02,38416.9516,36106.11841,34313.82545,Huang Jie,4259464
RCI01-01-03,37905.10229,36780.92355,36391.8031,Huang Jie,4259464
RCI01-01-04,33862.47366,34312.7549,35018.36153,Huang Jie,4259464
RCI01-01-05,37617.63723,35797.89406,38294.2111,Huang Jie,4259464
RCI01-02-01,39637.51445,38803.53532,39435.42549,Huang Jie,4259464
RCI01-02-02,30512.88437,29015.1663,32191.26884,Huang Jie,4259464
RCI01-02-03,33819.3027,35162.59442,35950.67969,Huang Jie,4259464
RCI01-02-04,38232.86412,35003.62988,34563.97265,Huang Jie,4259464
RCI01-02-05,34081.90082,31974.7275,35805.49261,Huang Jie,4259464
RCI02-01-01,43202.91199,44027.21742,43433.4674,Huang Jie,4259464
RCI02-01-02,44014.47946,44078.65796,44470.57889,Huang Jie,4259464
RCI02-01-03,42609.26282,43153.82975,44134.62117,Huang Jie,4259464
RCI02-01-04,43080.83088,43385.71947,43531.61636,Huang Jie,4259464
RCI02-01-05,42570.17235,42818.70209,43527.14024,Huang Jie,4259464
RCI02-02-01,42996.68436,42497.98027,42759.79875,Huang Jie,4259464
RCI02-02-02,42777.61792,43580.14781,44071.74595,Huang Jie,4259464
RCI02-02-03,42639.30795,42848.40588,41882.63314,Huang Jie,4259464
RCI02-02-04,MissingPhoto,,,Huang Jie,#VALUE!
RCI02-02-05,36447.39783,41484.34323,41781.76127,Huang Jie,4259464
RCI03-01-01,37235.5374,39552.79775,37801.46096,Huang Jie,4259464
RCI03-01-02,42564.61792,44756.03473,44936.03397,Huang Jie,4259464
RCI03-01-03,41788.50261,43318.13539,44935.48318,Huang Jie,4259464
RCI03-01-04,44163.55697,43671.9821,42895.99867,Huang Jie,4259464
RCI03-01-05,37683.93355,44086.21385,42758.39463,Huang Jie,4259464
RCI03-02-01,44237.24626,43738.98436,43431.89261,Huang Jie,4259464
RCI03-02-02,41866.62149,41789.92225,41963.80075,Huang Jie,4259464
RCI03-02-03,43360.09617,42519.71702,43613.05549,Huang Jie,4259464
RCI03-02-04,43351.85761,43664.29433,42933.94877,Huang Jie,4259464
RCI03-02-05,42505.80767,42820.48634,42655.211,Huang Jie,4259464
RCI04-01-01,,,,,#VALUE!
RCI04-01-02,,,,,#VALUE!
RCI04-01-03,,,,,#VALUE!
RCI04-01-04,,,,,#VALUE!
RCI04-01-05,,,,,#VALUE!
RCI04-02-01,,,,,#VALUE!
RCI04-02-02,,,,,#VALUE!
RCI04-02-03,,,,,#VALUE!
RCI04-02-04,,,,,#VALUE!
RCI04-02-05,,,,,#VALUE!
RCI05-01-01,,,,,#VALUE!
RCI05-01-02,,,,,#VALUE!
RCI05-01-03,,,,,#VALUE!
RCI05-01-04,,,,,#VALUE!
RCI05-01-05,,,,,#VALUE!
RCI05-02-01,,,,,#VALUE!
RCI05-02-02,,,,,#VALUE!
RCI05-02-03,,,,,#VALUE!
RCI05-02-04,,,,,#VALUE!
RCI05-02-05,,,,,#VALUE!
SCE01-01-01,21691.01897,23131.3646,23826.06619,Huang Jie,4259464
SCE01-01-02,24271.98714,22849.43648,24714.76781,Huang Jie,4259464
SCE01-01-03,22298.1414,22551.80692,21732.54056,Huang Jie,4259464
SCE01-01-04,22178.1126,22841.4113,21780.34273,Huang Jie,4259464
SCE01-01-05,21582.50456,21058.07639,22073.43632,Huang Jie,4259464
SCE01-02-01,23195.56605,23022.50127,23480.28554,Huang Jie,4259464
SCE01-02-02,23504.36108,23120.19913,23409.80351,Huang Jie,4259464
SCE01-02-03,23479.93662,23908.41153,23657.53737,Huang Jie,4259464
SCE01-02-04,21595.41464,21664.8499,21538.1916,Huang Jie,4259464
SCE01-02-05,24086.71013,23864.79641,24526.00159,Huang Jie,4259464
SCE02-01-01,15842.75216,15688.64057,14999.11289,Huang Jie,2631214
SCE02-01-02,15840.56215,15081.19759,14547.48483,Huang Jie,2631214
SCE02-01-03,15003.41179,15758.63968,15487.56551,Huang Jie,2631214
SCE02-01-04,14680.34524,15034.23411,14525.74699,Huang Jie,2631214
SCE02-01-05,14854.00467,14679.04746,14801.36339,Huang Jie,2631214
SCE02-02-01,14947.52607,14883.12364,14802.17451,Huang Jie,2631214
SCE02-02-02,14542.86148,14875.98584,14930.81712,Huang Jie,2631214
SCE02-02-03,14989.05508,15088.65983,15485.13217,Huang Jie,2631214
SCE02-02-04,14469.4557,14680.58858,14707.03088,Huang Jie,2631214
SCE02-02-05,14619.99839,15036.82967,15064.97532,Huang Jie,2631214
SCE03-01-01,16677.30695,16822.17184,16701.88369,Huang Jie,2631214
SCE03-01-02,16820.14406,16294.62355,16342.47925,Huang Jie,2631214
SCE03-01-03,15024.1763,15369.95403,15755.233,Huang Jie,2631214
SCE03-01-04,17007.26797,16738.3027,16739.19492,Huang Jie,2631214
SCE03-01-05,16607.95674,16740.73604,16825.09185,Huang Jie,2631214
SCE03-02-01,15839.83215,16423.59061,16562.45326,Huang Jie,2631214
SCE03-02-02,14333.59417,14966.99279,14549.99928,Huang Jie,2631214
SCE03-02-03,15783.37864,16165.08871,16063.21284,Huang Jie,2631214
SCE03-02-04,14469.86126,14211.11602,14550.97262,Huang Jie,2631214
SCE03-02-05,13140.93272,13739.0479,14169.66811,Huang Jie,2631214
SCE04-01-01,16802.63664,18604.81328,19048.64072,Huang Jie,4259464
SCE04-01-02,16847.64745,17545.48932,17374.51806,Huang Jie,4259464
SCE04-01-03,17969.42826,18569.92119,17771.24117,Huang Jie,4259464
SCE04-01-04,17443.60441,18315.55783,18577.24853,Huang Jie,4259464
SCE04-01-05,problematic,,,,#VALUE!
SCE04-02-01,10892.76912,10494.35012,10307.8751,Huang Jie,2631214
SCE04-02-02,10228.95375,10717.24414,10531.66135,Huang Jie,2631214
SCE04-02-03,10558.42809,10650.97616,10535.71691,Huang Jie,2631214
SCE04-02-04,11517.16438,12198.74315,13009.04565,Huang Jie,2631214
SCE04-02-05,13296.58542,13495.71381,13985.22088,Huang Jie,2631214
SCE05-01-01,19380.11561,18927.56515,19956.18407,Huang Jie,4259464
SCE05-01-02,18307.88157,19264.62278,18502.92837,Huang Jie,4259464
SCE05-01-03,19641.10847,18814.51477,19242.64076,Huang Jie,4259464
SCE05-01-04,17944.65487,17776.8239,18779.97159,Huang Jie,4259464
SCE05-01-05,19991.42509,18943.26659,19237.40694,Huang Jie,4259464
SCE05-02-01,20821.15908,21225.55844,20560.86406,Huang Jie,4259464
SCE05-02-02,21456.19518,20340.34602,21388.50452,Huang Jie,4259464
SCE05-02-03,19976.42149,20289.05465,19578.3027,Huang Jie,4259464
SCE05-02-04,20806.85332,19920.94306,20529.11225,Huang Jie,4259464
SCE05-02-05,18784.15865,19263.57601,18769.15505,Huang Jie,4259464
SPA03-01-01,32206.23322,32368.21159,32789.44843,Huang Jie,4259464
SPA03-01-02,33143.65975,32645.62281,32926.75768,Huang Jie,4259464
SPA03-01-03,31870.17465,32133.15677,32552.29907,Huang Jie,4259464
SPA03-01-04,31485.47603,32368.90977,31972.57477,Huang Jie,4259464
SPA03-01-05,33184.61979,33436.43099,32717.3029,Huang Jie,4259464
SPA03-02-01,30146.42004,31188.64688,29749.69693,Huang Jie,4259464
SPA03-02-02,30144.32651,30142.58191,29147.4594,Huang Jie,4259464
SPA03-02-03,31084.66844,29756.67535,31675.74051,Huang Jie,4259464
SPA03-02-04,32038.26936,31340.77641,30907.76552,Huang Jie,4259464
SPA03-02-05,28907.40179,29027.08167,29335.8767,Huang Jie,4259464
SPA04-01-01,30110.98719,30601.80957,31486.63967,Huang Jie,4259464
SPA04-01-02,30334.1729,30601.80957,30815.68617,Huang Jie,4259464
SPA04-01-03,29881.05238,30602.04229,30471.48214,Huang Jie,4259464
SPA04-01-04,29065.80781,29282.70988,29795.8741,Huang Jie,4259464
SPA04-01-05,30297.16922,30077.93988,30678.84238,Huang Jie,4259464
SPA04-02-01,26853.26709,28065.07939,29398.37546,Huang Jie,4259464
SPA04-02-02,28273.83599,27809.0791,29398.14273,Huang Jie,4259464
SPA04-02-03,30336.03472,30090.50716,30699.32241,Huang Jie,4259464
SPA04-02-04,29957.61974,30113.54719,30310.66742,Huang Jie,4259464
SPA04-02-05,30506.39128,30285.53284,29683.93215,Huang Jie,4259464
SPA05-01-01,34560.96773,34347.42812,35199.84197,Huang Jie,4259464
SPA05-01-02,31610.49229,32791.93858,33215.17968,Huang Jie,4259464
SPA05-01-03,30109.78334,31476.50665,32516.29104,Huang Jie,4259464
SPA05-01-04,31816.35564,31027.44541,32244.83055,Huang Jie,4259464
SPA05-01-05,32935.69401,31191.78717,31788.09305,Huang Jie,4259464
SPA05-02-01,31677.83403,31861.36645,31748.66498,Huang Jie,4259464
SPA05-02-02,31156.89507,31463.24766,30954.17201,Huang Jie,4259464
SPA05-02-03,30119.20421,31047.68282,30410.55319,Huang Jie,4259464
SPA05-02-04,32772.39901,33598.29487,33137.71923,Huang Jie,4259464
SPA05-02-05,31571.06423,31333.79799,31377.41311,Huang Jie,4259464
SPA06-01-01,31812.69095,32182.49501,31074.94465,Huang Jie,4259464
SPA06-01-02,31274.85761,31718.90175,31486.63967,Huang Jie,4259464
SPA06-01-03,32650.27737,32486.90263,31995.84753,Huang Jie,4259464
SPA06-01-04,32368.21159,33005.65232,32166.20408,Huang Jie,4259464
SPA06-01-05,32558.34999,32903.01947,32530.88814,Huang Jie,4259464
SPA06-02-01,32649.11373,33259.09261,33092.22696,Huang Jie,4259464
SPA06-02-02,32182.96047,32539.96451,32309.33152,Huang Jie,4259464
SPA06-02-03,32928.38677,32415.92073,32775.48478,Huang Jie,4259464
SPA06-02-04,32205.06958,32673.78285,32366.34977,Huang Jie,4259464
SPA06-02-05,31483.84694,31869.94193,31088.21012,Huang Jie,4259464
SPA07-01-01,30134.25994,30345.11109,30855.01713,Huang Jie,4259464
SPA07-01-02,31578.10159,31124.51562,31476.63239,Huang Jie,4259464
SPA07-01-03,30214.55094,30450.53667,29562.21565,Huang Jie,4259464
SPA07-01-04,24810.85021,27311.27489,27888.43919,Huang Jie,4259464
SPA07-01-05,24839.70843,25582.342,28251.02869,Huang Jie,4259464
SPA07-02-01,24085.20575,24434.52978,24737.77376,Huang Jie,4259464
SPA07-02-02,26620.53956,26412.71386,25587.92746,Huang Jie,4259464
SPA07-02-03,25668.45119,25581.87655,24744.05741,Huang Jie,4259464
SPA07-02-04,24664.46459,25202.53066,25153.8906,Huang Jie,4259464
SPA07-02-05,32576.03728,30857.80986,32098.01492,Huang Jie,4259464
TFL01-01-01,35657.62624,33433.95311,30519.76544,Huang Jie,4259464
TFL01-01-02,35410.2413,31074.54973,33769.26613,Huang Jie,4259464
TFL01-01-03,35235.08299,30721.79066,32149.92406,Huang Jie,4259464
TFL01-01-04,30100.01355,28909.49532,28926.94136,Huang Jie,4259464
TFL01-01-05,29248.99539,33249.72285,31677.83403,Huang Jie,4259464
TFL01-02-01,34121.32735,33539.32723,35990.49681,Huang Jie,4259464
TFL01-02-02,31016.27994,30843.91299,27877.38719,Huang Jie,4259464
TFL01-02-03,31197.3699,28989.39821,30977.89863,Huang Jie,4259464
TFL01-02-04,32457.32341,31400.44189,32454.18312,Huang Jie,4259464
TFL01-02-05,35380.2341,31117.81593,32059.90246,Huang Jie,4259464
TFL02-01-01,32408.47447,31414.0498,31061.63966,Huang Jie,4259464
TFL02-01-02,30384.38412,31969.18301,32722.50332,Huang Jie,4259464
TFL02-01-03,31759.83045,29306.21842,27817.02386,Huang Jie,4259464
TFL02-01-04,29080.46658,30131.41644,31355.43109,Huang Jie,4259464
TFL02-01-05,33271.35595,35985.61192,31868.69378,Huang Jie,4259464
TFL02-02-01,33231.92789,33996.41366,31065.12887,Huang Jie,4259464
TFL02-02-02,33581.89559,31274.83035,32556.06803,Huang Jie,4259464
TFL02-02-03,27575.57058,31362.06058,29398.33355,Huang Jie,4259464
TFL02-02-04,33759.49634,30582.22229,31603.86279,Huang Jie,4259464
TFL02-02-05,30552.91293,31294.021,32441.97088,Huang Jie,4259464
TFL03-01-01,DID NOT SAMPLE,,,,#VALUE!
TFL03-01-02,,,,,#VALUE!
TFL03-01-03,,,,,#VALUE!
TFL03-01-04,,,,,#VALUE!
TFL03-01-05,,,,,#VALUE!
TFL03-02-01,20369.32146,22778.09353,23730.72357,Huang Jie,4259464
TFL03-02-02,22325.53502,24740.24326,22861.70384,Huang Jie,4259464
TFL03-02-03,21327.17911,24071.91976,24313.4764,Huang Jie,4259464
TFL03-02-04,18826.19951,21999.26586,19960.78826,Huang Jie,4259464
TFL03-02-05,22867.14402,22867.14402,24235.64481,Huang Jie,4259464
TFL04-01-01,26916.2606,26696.44107,22867.14402,Huang Jie,4259464
TFL04-01-02,25232.62295,24275.50535,25108.49077,Huang Jie,4259464
TFL04-01-03,22118.77664,21578.14388,24282.44139,Huang Jie,4259464
TFL04-01-04,23102.96131,24688.5576,25113.81286,Huang Jie,4259464
TFL04-01-05,26250.18876,25180.99241,27629.45969,Huang Jie,4259464
TFL04-02-01,20426.13238,21889.32067,22858.39722,Huang Jie,4259464
TFL04-02-02,24400.53505,25063.26878,25896.31718,Huang Jie,4259464
TFL04-02-03,25268.01169,21650.37783,26047.50855,Huang Jie,4259464
TFL04-02-04,26763.18761,25809.95922,23107.72442,Huang Jie,4259464
TFL04-02-05,25297.71618,24287.71624,27620.07518,Huang Jie,4259464
TFL05-01-01,26055.38934,26684.71043,28364.87613,Huang Jie,4259464
TFL05-01-02,28375.89821,25905.6702,27786.98088,Huang Jie,4259464
TFL05-01-03,28158.25947,28351.08279,29121.71476,Huang Jie,4259464
TFL05-01-04,27478.71707,27502.85542,25463.69288,Huang Jie,4259464
TFL05-01-05,26668.31116,25101.53112,26045.89461,Huang Jie,4259464
TFL05-02-01,27867.33181,28958.15505,27746.77393,Huang Jie,4259464
TFL05-02-02,25267.73613,25102.40501,22756.3643,Huang Jie,4259464
TFL05-02-03,24322.90028,24472.34386,23212.30816,Huang Jie,4259464
TFL05-02-04,25478.13967,25888.56236,28085.45079,Huang Jie,4259464
TFL05-02-05,27204.3304,25267.93296,27375.70791,Huang Jie,4259464
TWA01-01-01,52760.33489,50745.6654,52575.40679,Huang Jie,4259464
TWA01-01-02,48075.72239,48746.69735,46355.19325,Huang Jie,4259464
TWA01-01-03,49781.59685,50521.65816,50746.01432,Huang Jie,4259464
TWA01-01-04,48881.03191,51653.9066,49471.05722,Huang Jie,4259464
TWA01-01-05,48529.31961,48811.59665,47088.27614,Huang Jie,4259464
TWA01-02-01,48048.50656,48829.74053,48466.16492,Huang Jie,4259464
TWA01-02-02,50233.44946,49854.87025,50130.51779,Huang Jie,4259464
TWA01-02-03,55747.09811,53155.66231,54350.3676,Huang Jie,4259464
TWA01-02-04,57143.13078,57146.61999,56220.93274,Huang Jie,4259464
TWA01-02-05,52298.71249,49054.44562,51581.67996,Huang Jie,4259464
TWA02-01-01,45861.47012,47515.35536,48075.02455,Huang Jie,4259464
TWA02-01-02,47478.02082,48227.15408,48071.53534,Huang Jie,4259464
TWA02-01-03,48403.35915,47998.26194,47684.2331,Huang Jie,4259464
TWA02-01-04,49159.1219,48354.1613,48772.86642,Huang Jie,4259464
TWA02-01-05,42148.25351,44908.56704,45356.93045,Huang Jie,4259464
TWA02-02-01,51323.82739,50517.47111,48751.93117,Huang Jie,4259464
TWA02-02-02,47247.73301,47799.02809,49160.16866,Huang Jie,4259464
TWA02-02-03,45013.59225,45670.61037,46361.82275,Huang Jie,4259464
TWA02-02-04,47897.42379,48534.2045,47334.61432,Huang Jie,4259464
TWA02-02-05,48024.08209,47656.31942,49159.81974,Huang Jie,4259464
TWA03-01-01,41619.98721,43113.0199,42802.82919,Huang Jie,4259464
TWA03-01-02,45205.84768,45322.03835,45821.69314,Huang Jie,4259464
TWA03-01-03,49214.60033,49854.52133,48517.80522,Huang Jie,4259464
TWA03-01-04,41535.54835,42335.97298,42471.00538,Huang Jie,4259464
TWA03-01-05,46730.9811,46329.02418,45245.97359,Huang Jie,4259464
TWA03-02-01,45981.84785,44303.53814,45632.92691,Huang Jie,4259464
TWA03-02-02,47067.34088,47373.69346,47534.89494,Huang Jie,4259464
TWA03-02-03,49122.13628,48734.1362,48772.86642,Huang Jie,4259464
TWA03-02-04,46655.61418,43676.17829,48473.14334,Huang Jie,4259464
TWA03-02-05,51385.5864,50517.47111,50866.39204,Huang Jie,4259464
TWA04-01-01,,,,,#VALUE!
TWA04-01-02,,,,,#VALUE!
TWA04-01-03,,,,,#VALUE!
TWA04-01-04,,,,,#VALUE!
TWA04-01-05,,,,,#VALUE!
TWA04-02-01,,,,,#VALUE!
TWA04-02-02,,,,,#VALUE!
TWA04-02-03,,,,,#VALUE!
TWA04-02-04,,,,,#VALUE!
TWA04-02-05,,,,,#VALUE!
TWA05-01-01,,,,,#VALUE!
TWA05-01-02,,,,,#VALUE!
TWA05-01-03,,,,,#VALUE!
TWA05-01-04,,,,,#VALUE!
TWA05-01-05,,,,,#VALUE!
TWA05-02-01,,,,,#VALUE!
TWA05-02-02,,,,,#VALUE!
TWA05-02-03,,,,,#VALUE!
TWA05-02-04,,,,,#VALUE!
TWA05-02-05,,,,,#VALUE!
XFL01-01-01,42468.67987,42860.6396,41886.80284,Huang Jie,4259464
XFL01-01-02,41872.44356,41119.27906,42006.59935,Huang Jie,4259464
XFL01-01-03,41074.53719,41919.54761,41018.15894,Huang Jie,4259464
XFL01-01-04,42302.01205,41747.66669,42941.22151,Huang Jie,4259464
XFL01-01-05,41592.30942,40661.49235,41865.15918,Huang Jie,4259464
XFL01-02-01,42313.64842,41119.38378,42317.74443,Huang Jie,4259464
XFL01-02-02,41524.25988,41871.8501,42300.80186,Huang Jie,4259464
XFL01-02-03,41999.96661,41873.81665,42942.05933,Huang Jie,4259464
XFL01-02-04,41749.44705,42234.67233,42005.48225,Huang Jie,4259464
XFL01-02-05,39894.45729,40841.3791,41172.16639,Huang Jie,4259464
XFL02-01-01,42272.9211,42238.79161,41876.39992,Huang Jie,4259464
XFL02-01-02,40335.77852,39805.97428,41036.82369,Huang Jie,4259464
XFL02-01-03,42302.0935,41798.84347,41878.43629,Huang Jie,4259464
XFL02-01-04,41102.51104,41436.41687,41999.86188,Huang Jie,4259464
XFL02-01-05,43605.08845,43032.46234,43529.41709,Huang Jie,4259464
XFL02-02-01,43746.33079,43048.11326,44111.58503,Huang Jie,4259464
XFL02-02-02,44152.25416,44334.06092,44205.96768,Huang Jie,4259464
XFL02-02-03,43037.80343,43982.51433,42988.7212,Huang Jie,4259464
XFL02-02-04,45177.93097,43734.3686,44204.05931,Huang Jie,4259464
XFL02-02-05,42204.62721,43733.96132,44686.80605,Huang Jie,4259464
XFL03-01-01,33904.44607,34181.39184,33835.55872,Huang Jie,4259464
XFL03-01-02,32412.42982,32695.19378,33090.13241,Huang Jie,4259464
XFL03-01-03,33415.71824,34300.54834,33820.1987,Huang Jie,4259464
XFL03-01-04,33182.9907,32640.50281,33182.75797,Huang Jie,4259464
XFL03-01-05,34742.73067,34647.54511,34383.63208,Huang Jie,4259464
XFL03-02-01,34181.39184,33715.70404,34274.71559,Huang Jie,4259464
XFL03-02-02,34879.57446,34928.44725,34173.01365,Huang Jie,4259464
XFL03-02-03,34737.84339,34323.35564,34669.88695,Huang Jie,4259464
XFL03-02-04,34067.82081,32462.9317,33998.70073,Huang Jie,4259464
XFL03-02-05,32552.29907,33402.22004,34046.87533,Huang Jie,4259464
XFL04-01-01,24470.16208,25184.18539,24817.80537,Huang Jie,4259464
XFL04-01-02,25422.24724,25135.84302,25622.43007,Huang Jie,4259464
XFL04-01-03,25946.30774,25784.73391,24759.89186,Huang Jie,4259464
XFL04-01-04,25516.17419,24461.88872,24811.23535,Huang Jie,4259464
XFL04-01-05,24803.20533,25548.78096,26025.79687,Huang Jie,4259464
XFL04-02-01,38551.22757,37325.1194,38165.66994,Huang Jie,4259464
XFL04-02-02,38864.20965,37988.06918,37088.89992,Huang Jie,4259464
XFL04-02-03,39262.32844,38682.07292,39415.15581,Huang Jie,4259464
XFL04-02-04,37821.28497,38131.8246,38480.39662,Huang Jie,4259464
XFL04-02-05,37085.06179,36390.70913,37473.75972,Huang Jie,4259464
XFL05-01-01,36723.5797,36494.33865,34889.30234,Huang Jie,4259464
XFL05-01-02,36417.22712,35196.35276,36033.76301,Huang Jie,4259464
XFL05-01-03,34583.99652,35373.6046,36002.0112,Huang Jie,4259464
XFL05-01-04,35373.95352,35824.06153,36272.77385,Huang Jie,4259464
XFL05-01-05,36737.18762,36176.82059,36980.03659,Huang Jie,4259464
XFL05-02-01,38685.21321,38333.15199,38231.61599,Huang Jie,4259464
XFL05-02-02,39247.67376,39842.23504,38693.23839,Huang Jie,4259464
XFL05-02-03,40296.18118,41272.11304,41822.71028,Huang Jie,4259464
XFL05-02-04,42562.07374,42005.54485,41774.55919,Huang Jie,4259464
XFL05-02-05,41826.19949,42315.03772,42835.27884,Huang Jie,4259464
