Species,Individual,Twig,work area,total_vessels,grouped_vessels,solitary,cluster,tangential,radial,occluded,,,,,,,,,,,,
MRE,MRE01,MRE01-01-01,3487001.279,142,79,47,4,2,26,0,,,,,,,,,,,,
MRE,MRE01,MRE01-01-02,3130735.669,156,84,54,6,1,23,1,,,,,,,,,,,,
MRE,MRE01,MRE01-01-03,2327424.069,141,76,46,2,8,20,4,,,,,,,,,,,,
MRE,MRE01,MRE01-02-01,3751484.832,124,79,51,3,4,21,0,,,,,,,,,,,,
MRE,MRE01,MRE01-02-02,3661909.734,104,60,36,0,6,18,2,,,,,,,,,,,,
MRE,MRE01,MRE01-02-03,2477152.35,104,47,34,3,0,10,1,,,,,,,,,,,,
MRE,MRE02,MRE02-01-01,8468323.17,113,89,70,1,7,11,3,,,,,,,,,,,,
MRE,MRE02,MRE02-01-02,11894774.37,143,105,82,0,4,19,0,,,,,,,,,,,,
MRE,MRE02,MRE02-01-03,7536460.283,128,86,61,0,2,23,0,,,,,,,,,,,,
MRE,MRE02,MRE02-02-01,3133304.82,107,51,27,7,2,15,0,,,,,,,,,,,,
MRE,MRE02,MRE02-02-02,4830762.043,170,78,36,2,4,36,0,,,,,,,,,,,,
MRE,MRE02,MRE02-02-03,4488445.728,134,60,18,3,14,25,0,,,,,,,,,,,,
MRE,MRE03,MRE03-01-01,5151193.377,165,76,42,1,5,28,3,,,,,,,,,,,,
MRE,MRE03,MRE03-01-02,4679575.858,113,70,39,0,5,26,2,,,,,,,,,,,,
MRE,MRE03,MRE03-01-03,3330830.774,106,66,42,0,5,19,4,,,,,,,,,,,,
MRE,MRE03,MRE03-02-01,6475406.917,117,76,57,0,1,18,0,,,,,,,,,,,,
MRE,MRE03,MRE03-02-02,6905159.658,144,77,48,1,3,25,0,,,,,,,,,,,,
MRE,MRE03,MRE03-02-03,6278391.527,115,74,56,0,2,16,0,,,,,,,,,,,,
MRE,MRE04,MRE04-01-01,3069021.563,101,60,33,0,5,22,0,,,,,,,,,,,,
MRE,MRE04,MRE04-01-02,3456534.627,112,82,60,2,3,17,0,,,,,,,,,,,,
MRE,MRE04,MRE04-01-03,2501733.669,149,77,44,2,6,25,0,,,,,,,,,,,,
MRE,MRE04,MRE04-02-01,2642368.511,105,64,43,0,4,17,0,,,,,,,,,,,,
MRE,MRE04,MRE04-02-02,2832874.611,138,68,42,4,1,21,0,,,,,,,,,,,,
MRE,MRE04,MRE04-02-03,3639524.083,137,79,47,4,1,27,0,,,,,,,,,,,,
MRE,MRE05,MRE05-01-01,5923415.283,234,114,72,4,4,34,0,,,,,,,,,,,,
MRE,MRE05,MRE05-01-02,5432766.35,208,106,71,3,2,30,0,,,,,,,,,,,,
MRE,MRE05,MRE05-01-03,3709212.66,132,76,54,0,2,20,0,,,,,,,,,,,,
MRE,MRE05,MRE05-02-01,2387288.835,150,81,46,1,2,32,0,,,,,,,,,,,,
MRE,MRE05,MRE05-02-02,3130577.89,178,79,42,3,3,31,0,,,,,,,,,,,,
MRE,MRE05,MRE05-02-03,2929954.318,153,74,36,2,6,30,,,,,,,,,,,,,
AFR,AFR01,AFR01-01-01,5695104.513,615,464,388,14,20,42,0,,,,,,,,,,,,
AFR,AFR01,AFR01-01-02,10776109.25,823,657,565,14,15,63,0,,,,,,,,,,,,
AFR,AFR01,AFR01-01-03,2910509.492,364,269,219,8,11,31,0,,,,,,,,,,,,
AFR,AFR01,AFR01-02-01,5187728.925,534,392,335,11,11,35,0,,,,,,,,,,,,
AFR,AFR01,AFR01-02-02,2865185.169,318,264,233,4,12,15,0,,,,,,,,,,,,
AFR,AFR01,AFR01-02-03,5009092.636,399,310,261,3,6,40,0,,,,,,,,,,,,
AFR,AFR02,AFR02-01-01,3401417.184,340,234,169,9,18,38,0,,,,,,,,,,,,
AFR,AFR02,AFR02-01-02,2631368.251,390,254,184,13,3,54,0,,,,,,,,,,,,
AFR,AFR02,AFR02-01-03,2520799.384,319,268,234,2,3,29,0,,,,,,,,,,,,
AFR,AFR02,AFR02-02-01,6166347.734,270,220,189,1,7,23,0,,,,,,,,,,,,
AFR,AFR02,AFR02-02-02,2941982.393,388,330,292,1,3,34,0,,,,,,,,,,,,
AFR,AFR02,AFR02-02-03,3877481.745,293,254,225,2,11,16,0,,,,,,,,,,,,
AFR,AFR03,AFR03-01-01,2436983.175,336,280,244,0,13,23,0,,,,,,,,,,,,
AFR,AFR03,AFR03-01-02,2437427.277,271,209,176,3,7,23,0,,,,,,,,,,,,
AFR,AFR03,AFR03-01-03,3774564.919,367,273,226,6,6,35,0,,,,,,,,,,,,
AFR,AFR03,AFR03-02-01,5506547.529,359,259,198,3,13,45,0,,,,,,,,,,,,
AFR,AFR03,AFR03-02-02,2998276.287,257,199,159,4,6,30,0,,,,,,,,,,,,
AFR,AFR03,AFR03-02-03,3586840.778,261,212,181,1,7,23,0,,,,,,,,,,,,
AFR,AFR04,AFR04-01-01,3177604.606,344,226,171,12,2,41,0,,,,,,,,,,,,
AFR,AFR04,AFR04-01-02,4403780.429,342,246,196,15,4,31,0,,,,,,,,,,,,
AFR,AFR04,AFR04-01-03,3937690.119,313,247,202,1,11,33,0,,,,,,,,,,,,
AFR,AFR04,AFR04-02-01,1630401.1,238,187,163,6,3,15,0,,,,,,,,,,,,
AFR,AFR04,AFR04-02-02,3753385.807,376,248,192,5,12,39,0,,,,,,,,,,,,
AFR,AFR04,AFR04-02-03,5161257.292,350,260,216,1,2,41,0,,,,,,,,,,,,
AFR,AFR05,AFR05-01-01,3905270.642,326,234,190,3,7,34,0,,,,,,,,,,,,
AFR,AFR05,AFR05-01-02,2805882.451,318,231,183,4,2,42,0,,,,,,,,,,,,
AFR,AFR05,AFR05-01-03,4240014.951,319,222,182,7,2,31,0,,,,,,,,,,,,
AFR,AFR05,AFR05-02-01,2487479.065,219,182,159,3,3,17,0,,,,,,,,,,,,
AFR,AFR05,AFR05-02-02,2594167.15,263,189,146,4,8,31,0,,,,,,,,,,,,
AFR,AFR05,AFR05-02-03,3643162.955,248,221,205,2,3,11,0,,,,,,,,,,,,
ASY,ASY01,ASY01-01-01,1994142.65,279,189,143,1,4,41,0,,,,,,,,,,,,
ASY,ASY01,ASY01-01-02,2593507.616,314,217,167,4,10,36,0,,,,,,,,,,,,
ASY,ASY01,ASY01-01-03,3160296.044,257,193,156,1,3,33,0,,,,,,,,,,,,
ASY,ASY01,ASY01-02-01,5152789.257,388,304,255,0,6,43,0,,,,,,,,,,,,
ASY,ASY01,ASY01-02-02,4284449.866,357,243,180,5,1,57,0,,,,,,,,,,,,
ASY,ASY01,ASY01-02-03,6816167.069,394,253,194,5,4,50,0,,,,,,,,,,,,
ASY,ASY02,ASY02-01-01,2255304.363,205,145,106,0,2,37,0,,,,,,,,,,,,
ASY,ASY02,ASY02-01-02,2276803.614,208,145,103,0,3,39,0,,,,,,,,,,,,
ASY,ASY02,ASY02-01-03,3666938.081,265,210,174,0,3,33,0,,,,,,,,,,,,
ASY,ASY02,ASY02-02-01,4591352.323,326,269,221,1,3,44,0,,,,,,,,,,,,
ASY,ASY02,ASY02-02-02,6654360.937,352,258,212,0,5,41,0,,,,,,,,,,,,
ASY,ASY02,ASY02-02-03,5778131.206,296,235,198,1,5,31,0,,,,,,,,,,,,
ASY,ASY03,ASY03-01-01,3208889.154,254,205,170,1,3,31,0,,,,,,,,,,,,
ASY,ASY03,ASY03-01-02,4236325.531,264,207,163,2,3,39,0,,,,,,,,,,,,
ASY,ASY03,ASY03-01-03,5023475.417,411,294,243,1,8,42,0,,,,,,,,,,,,
ASY,ASY03,ASY03-02-01,4062187.434,284,202,151,2,3,46,0,,,,,,,,,,,,
ASY,ASY03,ASY03-02-02,3738952.478,270,208,175,2,5,26,0,,,,,,,,,,,,
ASY,ASY03,ASY03-02-03,4484796.626,320,213,154,2,4,53,0,,,,,,,,,,,,
ASY,ASY04,ASY04-01-01,4165165.64,266,206,158,0,1,47,0,,,,,,,,,,,,
ASY,ASY04,ASY04-01-02,4108445.696,259,215,186,0,5,24,0,,,,,,,,,,,,
ASY,ASY04,ASY04-01-03,5162460.821,311,267,239,0,1,27,0,,,,,,,,,,,,
ASY,ASY04,ASY04-02-01,3151471.164,239,176,138,3,6,29,0,,,,,,,,,,,,
ASY,ASY04,ASY04-02-02,5919466.502,281,208,161,0,8,39,0,,,,,,,,,,,,
ASY,ASY04,ASY04-02-03,4061404.538,282,223,183,3,3,34,0,,,,,,,,,,,,
ASY,ASY05,ASY05-01-01,3795294.513,287,211,177,0,2,32,0,,,,,,,,,,,,
ASY,ASY05,ASY05-01-02,2866810.535,267,199,159,0,3,37,0,,,,,,,,,,,,
ASY,ASY05,ASY05-01-03,5638444.144,333,283,246,0,1,36,0,,,,,,,,,,,,
ASY,ASY05,ASY05-02-01,3341107.112,248,181,151,2,1,27,0,,,,,,,,,,,,
ASY,ASY05,ASY05-02-02,3079743.206,217,170,146,0,2,22,0,,,,,,,,,,,,
ASY,ASY05,ASY05-02-03,4153228.431,256,184,133,2,3,46,0,,,,,,,,,,,,
BBR,BBR01,BBR01-01-01,5908619.692,374,274,215,5,8,46,0,,,,,,,,,,,,
BBR,BBR01,BBR01-01-02,5241494.203,366,242,172,8,17,45,0,,,,,,,,,,,,
BBR,BBR01,BBR01-01-03,7437917.685,423,313,242,8,13,50,0,,,,,,,,,,,,
BBR,BBR01,BBR01-02-01,4359894.323,259,195,153,3,10,29,0,,,,,,,,,,,,
BBR,BBR01,BBR01-02-02,5273871.557,357,290,240,1,6,43,0,,,,,,,,,,,,
BBR,BBR01,BBR01-02-03,4944120.09,275,211,164,3,5,39,1,,,,,,,,,,,,
BBR,BBR02,BBR02-02-01,3622807.057,284,205,156,6,12,31,0,,,,,,,,,,,,
BBR,BBR02,BBR02-02-02,3309590.282,268,222,169,7,3,43,0,,,,,,,,,,,,
BBR,BBR02,BBR02-02-03,3437554.966,279,209,157,3,5,44,0,,,,,,,,,,,,
BBR,BBR02,BBR02-02-04,3814334.352,306,192,128,8,11,45,0,,,,,,,,,,,,
BBR,BBR02,BBR02-02-05,3444564.322,297,199,147,12,5,35,0,,,,,,,,,,,,
BBR,BBR02,BBR02-02-06,3871350.363,310,189,134,13,10,32,0,,,,,,,,,,,,
BBR,BBR03,BBR03-01-01,5660908.626,429,276,208,8,16,44,0,,,,,,,,,,,,
BBR,BBR03,BBR03-01-02,5619401.297,422,298,240,8,5,45,0,,,,,,,,,,,,
BBR,BBR03,BBR03-01-03,4926496.806,435,277,217,10,21,29,0,,,,,,,,,,,,
BBR,BBR03,BBR03-02-01,2944967.146,259,176,144,2,7,23,0,,,,,,,,,,,,
BBR,BBR03,BBR03-02-02,2639058.805,242,174,131,6,5,32,0,,,,,,,,,,,,
BBR,BBR03,BBR03-02-03,3531918.908,295,227,186,1,12,28,0,,,,,,,,,,,,
BBR,BBR04,BBR04-01-01,3237311.709,206,130,85,2,3,40,0,,,,,,,,,,,,
BBR,BBR04,BBR04-01-02,4897117.445,341,199,124,6,19,50,0,,,,,,,,,,,,
BBR,BBR04,BBR04-01-03,3838857.471,242,169,124,0,2,43,0,,,,,,,,,,,,
BBR,BBR04,BBR04-02-01,3412158.084,268,163,107,9,3,44,0,,,,,,,,,,,,
BBR,BBR04,BBR04-02-02,3224963.496,306,177,131,11,2,33,0,,,,,,,,,,,,
BBR,BBR04,BBR04-02-03,3183326.185,283,179,116,8,8,47,0,,,,,,,,,,,,
BBR,BBR05,BBR05-01-01,,,0,,,,,,,,,,,,,,,,,
BBR,BBR05,BBR05-01-02,,,0,,,,,,,,,,,,,,,,,
BBR,BBR05,BBR05-01-03,,,0,,,,,,,,,,,,,,,,,
BBR,BBR05,BBR05-02-01,2733798.95,129,106,90,1,7,8,0,,,,,,,,,,,,
BBR,BBR05,BBR05-02-02,2372332.59,134,99,74,0,4,21,0,,,,,,,,,,,,
BBR,BBR05,BBR05-02-03,2234445.453,114,89,70,1,2,16,1,,,,,,,,,,,,
GAX,GAX01,GAX01-01-01,3163735.13,258,203,162,2,25,14,0,,,,,,,,,,,,
GAX,GAX01,GAX01-01-02,6766334.925,376,263,185,5,32,41,1,,,,,,,,,,,,
GAX,GAX01,GAX01-01-03,3398052.717,260,198,155,4,22,17,0,,,,,,,,,,,,
GAX,GAX01,GAX01-02-01,4666379.155,329,240,172,6,43,19,0,,,,,,,,,,,,
GAX,GAX01,GAX01-02-02,8667326.791,345,255,189,7,39,20,0,,,,,,,,,,,,
GAX,GAX01,GAX01-02-03,5553858.278,336,243,177,7,45,14,1,,,,,,,,,,,,
GAX,GAX02,GAX02-01-01,19008226.49,428,336,290,5,18,23,0,,,,,,,,,,,,
GAX,GAX02,GAX02-01-02,17861026.88,570,383,290,6,36,51,0,,,,,,,,,,,,
GAX,GAX02,GAX02-01-03,27473432.52,761,541,388,13,55,85,0,,,,,,,,,,,,
GAX,GAX02,GAX02-02-01,4777237.471,221,177,143,1,18,15,0,,,,,,,,,,,,
GAX,GAX02,GAX02-02-02,2921352.692,133,107,90,0,6,11,0,,,,,,,,,,,,
GAX,GAX02,GAX02-02-03,3616019.15,194,140,98,1,22,19,0,,,,,,,,,,,,
GAX,GAX03,GAX03-01-01,4862856.568,253,179,132,3,29,15,1,,,,,,,,,,,,
GAX,GAX03,GAX03-01-02,6995627.776,431,341,286,5,26,24,3,,,,,,,,,,,,
GAX,GAX03,GAX03-01-03,5080138.192,296,224,182,3,18,21,3,,,,,,,,,,,,
GAX,GAX03,GAX03-02-01,4943281.23,246,190,150,0,19,21,0,,,,,,,,,,,,
GAX,GAX03,GAX03-02-02,6748871.711,283,210,168,2,21,19,0,,,,,,,,,,,,
GAX,GAX03,GAX03-02-03,6597878.089,269,209,170,7,16,16,0,,,,,,,,,,,,
GAX,GAX04,GAX04-01-01,3342044.059,152,90,55,6,16,13,0,,,,,,,,,,,,
GAX,GAX04,GAX04-01-02,2663015.062,161,93,61,9,12,11,0,,,,,,,,,,,,
GAX,GAX04,GAX04-01-03,5685117.624,222,150,106,5,19,20,0,,,,,,,,,,,,
GAX,GAX04,GAX04-02-01,7343807.688,255,172,107,8,14,43,0,,,,,,,,,,,,
GAX,GAX04,GAX04-02-02,3246219.032,152,100,71,4,11,14,0,,,,,,,,,,,,
GAX,GAX04,GAX04-02-03,3825801.582,172,126,101,0,15,10,1,,,,,,,,,,,,
GAX,GAX05,GAX05-01-01,5318977.44,238,178,149,2,25,2,0,,,,,,,,,,,,
GAX,GAX05,GAX05-01-02,8696269.271,303,211,151,1,36,23,0,,,,,,,,,,,,
GAX,GAX05,GAX05-01-03,8280057.44,288,215,172,3,18,22,0,,,,,,,,,,,,
GAX,GAX05,GAX05-02-01,9628945.744,287,194,131,7,28,28,3,,,,,,,,,,,,
GAX,GAX05,GAX05-02-02,5075065.315,239,168,118,3,32,15,0,,,,,,,,,,,,
GAX,GAX05,GAX05-02-03,7536515.645,240,166,119,2,24,21,0,,,,,,,,,,,,
HCR,HCR06,HCR06-01-01,3528726.535,113,59,29,1,2,27,0,,,,,,,,,,,,
HCR,HCR06,HCR06-01-02,3232865.902,126,75,41,0,1,33,5,,,,,,,,,,,,
HCR,HCR06,HCR06-01-03,3000325.762,104,62,37,1,1,23,0,,,,,,,,,,,,
HCR,HCR06,HCR06-02-01,,,0,,,,,,,,,,,,,,,,,
HCR,HCR06,HCR06-02-02,,,0,,,,,,,,,,,,,,,,,
HCR,HCR06,HCR06-02-03,,,0,,,,,,,,,,,,,,,,,
HCR,HCR02,HCR02-01-01,14916809.82,368,186,92,6,2,86,0,,,,,,,,,,,,
HCR,HCR02,HCR02-01-02,5543869.067,266,143,81,3,3,56,0,,,,,,,,,,,,
HCR,HCR02,HCR02-01-03,8140814.267,235,125,65,4,4,52,0,,,,,,,,,,,,
HCR,HCR02,HCR02-02-01,4135150.948,204,111,69,5,0,37,0,,,,,,,,,,,,
HCR,HCR02,HCR02-02-02,3695186.23,184,105,68,2,1,34,0,,,,,,,,,,,,
HCR,HCR02,HCR02-02-03,3662546.26,162,87,52,4,0,31,0,,,,,,,,,,,,
HCR,HCR03,HCR03-01-01,4909161.686,251,154,108,4,6,36,0,,,,,,,,,,,,
HCR,HCR03,HCR03-01-02,7251976.649,295,198,154,1,5,38,0,,,,,,,,,,,,
HCR,HCR03,HCR03-01-03,12766423.23,493,318,221,2,5,90,0,,,,,,,,,,,,
HCR,HCR03,HCR03-02-01,5306641.595,176,108,74,3,1,30,0,,,,,,,,,,,,
HCR,HCR03,HCR03-02-02,3209341.148,202,125,79,2,0,44,0,,,,,,,,,,,,
HCR,HCR03,HCR03-02-03,4664269.368,241,149,90,4,6,49,0,,,,,,,,,,,,
HCR,HCR04,HCR04-01-01,2874145.447,191,109,69,4,4,32,0,,,,,,,,,,,,
HCR,HCR04,HCR04-01-02,2657061.201,112,60,34,3,1,22,0,,,,,,,,,,,,
HCR,HCR04,HCR04-01-03,2930296.12,159,92,63,3,2,24,0,,,,,,,,,,,,
HCR,HCR04,HCR04-02-01,2660612.816,226,92,51,2,3,36,0,,,,,,,,,,,,
HCR,HCR04,HCR04-02-02,2123899.991,175,98,60,1,3,34,0,,,,,,,,,,,,
HCR,HCR04,HCR04-02-03,3501845.11,248,130,71,1,6,52,0,,,,,,,,,,,,
HCR,HCR05,HCR05-01-01,3607989.2,230,115,62,0,1,52,0,,,,,,,,,,,,
HCR,HCR05,HCR05-01-02,4073759.973,272,138,69,2,0,67,0,,,,,,,,,,,,
HCR,HCR05,HCR05-01-03,3638720.125,254,117,57,4,1,55,0,,,,,,,,,,,,
HCR,HCR05,HCR05-02-01,1978684.516,180,46,39,6,0,1,0,,,,,,,,,,,,
HCR,HCR05,HCR05-02-02,2585566.728,206,107,62,1,1,43,0,,,,,,,,,,,,
HCR,HCR05,HCR05-02-03,3078403.678,199,101,61,6,0,34,0,,,,,,,,,,,,
MBA,MBA01,MBA01-01-01,3323308.918,132,90,61,1,3,25,0,,,,,,,,,,,,
MBA,MBA01,MBA01-01-02,7383593.597,290,165,110,1,5,49,0,,,,,,,,,,,,
MBA,MBA01,MBA01-01-03,6185543.755,230,136,86,2,5,43,1,,,,,,,,,,,,
MBA,MBA01,MBA01-02-01,8821564.871,200,135,99,3,6,27,0,,,,,,,,,,,,
MBA,MBA01,MBA01-02-02,9234632.947,302,213,160,5,14,34,1,,,,,,,,,,,,
MBA,MBA01,MBA01-02-03,5524435.076,155,96,59,1,8,28,1,,,,,,,,,,,,
MBA,MBA02,MBA02-01-01,10991394.8,280,170,120,1,5,44,0,,,,,,,,,,,,
MBA,MBA02,MBA02-01-02,9197547.212,193,128,99,1,2,26,0,,,,,,,,,,,,
MBA,MBA02,MBA02-01-03,11760432.62,209,141,102,0,7,32,1,,,,,,,,,,,,
MBA,MBA02,MBA02-02-01,6081059.394,221,137,91,5,1,40,7,,,,,,,,,,,,
MBA,MBA02,MBA02-02-02,4524791.04,165,101,69,2,3,27,3,,,,,,,,,,,,
MBA,MBA02,MBA02-02-03,4432450.765,135,77,53,1,1,22,3,,,,,,,,,,,,
MBA,MBA03,MBA03-01-01,4901212.999,214,130,87,1,9,33,0,,,,,,,,,,,,
MBA,MBA03,MBA03-01-02,4692010.609,184,121,89,2,4,26,0,,,,,,,,,,,,
MBA,MBA03,MBA03-01-03,4891993.347,152,110,86,3,3,18,0,,,,,,,,,,,,
MBA,MBA03,MBA03-02-01,3071039.268,114,85,66,1,0,18,0,,,,,,,,,,,,
MBA,MBA03,MBA03-02-02,4744530.893,181,126,95,3,8,20,0,,,,,,,,,,,,
MBA,MBA03,MBA03-02-03,4858352.007,180,115,87,0,2,26,0,,,,,,,,,,,,
MBA,MBA04,MBA04-01-01,4510211.77,154,98,69,6,3,20,0,,,,,,,,,,,,
MBA,MBA04,MBA04-01-02,5569204.878,198,112,67,4,6,35,0,,,,,,,,,,,,
MBA,MBA04,MBA04-01-03,5271606.434,222,129,81,0,5,43,0,,,,,,,,,,,,
MBA,MBA04,MBA04-02-01,5590471.47,198,120,89,1,3,27,0,,,,,,,,,,,,
MBA,MBA04,MBA04-02-02,4914097.117,189,126,84,2,5,35,0,,,,,,,,,,,,
MBA,MBA04,MBA04-02-03,5461164.375,192,125,86,5,0,34,0,,,,,,,,,,,,
MBA,MBA05,MBA05-01-01,4905908.806,146,104,79,3,4,18,0,,,,,,,,,,,,
MBA,MBA05,MBA05-01-02,4220931.999,152,103,74,3,8,18,0,,,,,,,,,,,,
MBA,MBA05,MBA05-01-03,5602660.697,192,129,96,2,4,27,0,,,,,,,,,,,,
MBA,MBA05,MBA05-02-01,7819844.866,299,175,108,9,7,51,0,,,,,,,,,,,,
MBA,MBA05,MBA05-02-02,7498726.092,266,162,109,3,2,48,0,,,,,,,,,,,,
MBA,MBA05,MBA05-02-03,7437767.771,299,172,116,3,5,48,0,,,,,,,,,,,,
TWA,TWA01,TWA01-01-01,6077497.161,282,192,137,0,6,49,0,,,,,,,,,,,,
TWA,TWA01,TWA01-01-02,6477300.069,233,172,127,0,2,43,0,,,,,,,,,,,,
TWA,TWA01,TWA01-01-03,7707931.96,216,184,159,0,4,21,0,,,,,,,,,,,,
TWA,TWA01,TWA01-02-01,8165176.327,298,240,202,1,2,35,1,,,,,,,,,,,,
TWA,TWA01,TWA01-02-02,6627288.742,282,247,225,0,1,21,0,,,,,,,,,,,,
TWA,TWA01,TWA01-02-03,6656347.965,327,189,103,2,4,80,0,,,,,,,,,,,,
TWA,TWA02,TWA02-01-01,4382532.715,277,120,57,2,0,61,0,,,,,,,,,,,,
TWA,TWA02,TWA02-01-02,3718878.808,212,222,175,3,4,40,0,,,,,,,,,,,,
TWA,TWA02,TWA02-01-03,4092420.098,238,126,73,2,3,48,0,,,,,,,,,,,,
TWA,TWA02,TWA02-02-01,7708946.535,386,207,123,2,2,80,0,,,,,,,,,,,,
TWA,TWA02,TWA02-02-02,7737527.957,331,201,114,0,3,84,0,,,,,,,,,,,,
TWA,TWA02,TWA02-02-03,11395967.31,250,210,178,0,4,28,0,,,,,,,,,,,,
TWA,TWA03,TWA03-01-01,6405918.728,334,155,67,0,4,84,0,,,,,,,,,,,,
TWA,TWA03,TWA03-01-02,4675563.29,309,150,86,1,4,59,0,,,,,,,,,,,,
TWA,TWA03,TWA03-01-03,6772547.545,405,194,94,8,2,90,2,,,,,,,,,,,,
TWA,TWA03,TWA03-02-01,9165887.727,468,262,151,1,1,109,0,,,,,,,,,,,,
TWA,TWA03,TWA03-02-02,6074529.257,308,170,82,2,5,81,0,,,,,,,,,,,,
TWA,TWA03,TWA03-02-03,7077579.717,341,185,103,0,2,80,0,,,,,,,,,,,,
TWA,TWA06,TWA06-01-01,3699387.646,212,156,117,0,1,38,0,,,,,,,,,,,,
TWA,TWA06,TWA06-01-02,4758753.663,277,170,110,1,3,56,0,,,,,,,,,,,,
TWA,TWA06,TWA06-01-03,3261941.341,206,117,68,0,6,43,0,,,,,,,,,,,,
TWA,TWA06,TWA06-02-01,3231457.741,201,140,104,2,4,30,0,,,,,,,,,,,,
TWA,TWA06,TWA06-02-02,2193618.054,178,111,69,1,6,35,0,,,,,,,,,,,,
TWA,TWA06,TWA06-02-03,4012972.701,240,158,126,0,2,30,0,,,,,,,,,,,,
TWA,TWA07,TWA07-01-01,4157901.737,272,157,101,0,1,55,0,,,,,,,,,,,,
TWA,TWA07,TWA07-01-02,4382287.195,294,158,110,1,3,44,0,,,,,,,,,,,,
TWA,TWA07,TWA07-01-03,4754057.491,287,164,98,0,3,63,0,,,,,,,,,,,,
TWA,TWA07,TWA07-02-01,7409227.947,294,208,160,0,1,47,0,,,,,,,,,,,,
TWA,TWA07,TWA07-02-02,4024581.346,193,127,90,0,1,36,0,,,,,,,,,,,,
TWA,TWA07,TWA07-02-03,4057858.94,202,147,110,0,3,34,0,,,,,,,,,,,,
TFL,TFL01,TFL01-01-01,6625497.89,252,179,135,2,3,39,0,,,,,,,,,,,,
TFL,TFL01,TFL01-01-02,6614905.626,265,199,147,2,6,44,0,,,,,,,,,,,,
TFL,TFL01,TFL01-01-03,5377719.914,243,165,122,3,5,35,0,,,,,,,,,,,,
TFL,TFL01,TFL01-02-01,4189334.921,163,127,100,1,0,26,0,,,,,,,,,,,,
TFL,TFL01,TFL01-02-02,3659248.73,202,135,82,0,6,47,0,,,,,,,,,,,,
TFL,TFL01,TFL01-02-03,3316429.339,153,105,72,1,0,32,0,,,,,,,,,,,,
TFL,TFL02,TFL02-01-01,7573217.28,349,248,177,1,3,67,2,,,,,,,,,,,,
TFL,TFL02,TFL02-01-02,3176378.209,202,139,92,1,4,42,0,,,,,,,,,,,,
TFL,TFL02,TFL02-01-03,6088328.927,334,228,163,1,3,61,0,,,,,,,,,,,,
TFL,TFL02,TFL02-02-01,3210908.677,218,172,142,0,1,29,0,,,,,,,,,,,,
TFL,TFL02,TFL02-02-02,3053002.583,212,158,123,0,3,32,0,,,,,,,,,,,,
TFL,TFL02,TFL02-02-03,4632916.218,295,211,161,0,1,49,0,,,,,,,,,,,,
TFL,TFL03,TFL03-01-01,,,0,,,,,,,,,,,,,,,,,
TFL,TFL03,TFL03-01-02,,,0,,,,,,,,,,,,,,,,,
TFL,TFL03,TFL03-01-03,,,0,,,,,,,,,,,,,,,,,
TFL,TFL03,TFL03-02-01,4046528.912,199,134,87,3,2,42,0,,,,,,,,,,,,
TFL,TFL03,TFL03-02-02,3042178.64,164,117,89,1,1,26,0,,,,,,,,,,,,
TFL,TFL03,TFL03-02-03,4566393.526,194,135,101,1,4,29,0,,,,,,,,,,,,
TFL,TFL04,TFL04-01-01,2274899.63,181,119,78,0,1,40,0,,,,,,,,,,,,
TFL,TFL04,TFL04-01-02,2271208.405,184,99,58,2,0,39,0,,,,,,,,,,,,
TFL,TFL04,TFL04-01-03,2111575.848,166,99,59,0,3,37,0,,,,,,,,,,,,
TFL,TFL04,TFL04-02-01,2669210.832,285,151,90,0,3,58,0,,,,,,,,,,,,
TFL,TFL04,TFL04-02-02,2079519.837,181,96,59,1,3,33,0,,,,,,,,,,,,
TFL,TFL04,TFL04-02-03,2266195.704,175,111,82,2,1,26,0,,,,,,,,,,,,
TFL,TFL05,TFL05-01-01,1785767.746,155,88,46,1,2,39,0,,,,,,,,,,,,
TFL,TFL05,TFL05-01-02,2126701.808,178,117,80,1,0,36,0,,,,,,,,,,,,
TFL,TFL05,TFL05-01-03,2068742.229,168,102,65,1,2,34,0,,,,,,,,,,,,
TFL,TFL05,TFL05-02-01,2757245.412,151,108,77,0,2,29,0,,,,,,,,,,,,
TFL,TFL05,TFL05-02-02,2141851.839,135,84,56,1,0,27,0,,,,,,,,,,,,
TFL,TFL05,TFL05-02-03,2942911.518,211,127,80,1,4,42,0,,,,,,,,,,,,
PAX,PAX01,PAX01-01-01,3047412.79,253,124,71,9,38,6,0,,,,,,,,,,,,
PAX,PAX01,PAX01-01-02,3813369.121,327,135,53,14,54,14,0,,,,,,,,,,,,
PAX,PAX01,PAX01-01-03,2089315.364,180,82,37,8,29,8,0,,,,,,,,,,,,
PAX,PAX08,PAX08-01-01,,,0,,,,,,,,,,,,,,,,,
PAX,PAX08,PAX08-01-02,,,0,,,,,,,,,,,,,,,,,
PAX,PAX08,PAX08-01-03,,,0,,,,,,,,,,,,,,,,,
PAX,PAX02,PAX02-01-01,4106436.404,150,96,66,1,21,8,0,,,,,,,,,,,,
PAX,PAX02,PAX02-01-02,4582079.128,194,107,47,4,35,21,0,,,,,,,,,,,,
PAX,PAX02,PAX02-01-03,4144800.715,166,116,86,0,13,17,0,,,,,,,,,,,,
PAX,PAX02,PAX02-02-01,5511553.009,188,113,66,3,38,6,0,,,,,,,,,,,,
PAX,PAX02,PAX02-02-02,4085955.338,133,85,44,1,33,7,7,,,,,,,,,,,,
PAX,PAX02,PAX02-02-03,3472339.378,163,87,54,4,25,4,0,,,,,,,,,,,,
PAX,PAX03,PAX03-01-01,3978312.854,162,99,49,0,46,4,0,,,,,,,,,,,,
PAX,PAX03,PAX03-01-02,3502560.007,135,91,63,1,22,5,0,,,,,,,,,,,,
PAX,PAX03,PAX03-01-03,3295489.127,114,70,45,2,21,2,0,,,,,,,,,,,,
PAX,PAX03,PAX03-02-01,3049427.499,109,77,55,1,19,2,0,,,,,,,,,,,,
PAX,PAX03,PAX03-02-02,5129135.086,168,102,63,2,22,15,0,,,,,,,,,,,,
PAX,PAX03,PAX03-02-03,4347428.163,130,85,58,2,22,3,0,,,,,,,,,,,,
PAX,PAX04,PAX04-01-01,3726495.947,129,85,58,2,24,1,0,,,,,,,,,,,,
PAX,PAX04,PAX04-01-02,6435275.222,170,110,78,2,23,7,0,,,,,,,,,,,,
PAX,PAX04,PAX04-01-03,5559933.094,156,101,64,0,34,3,0,,,,,,,,,,,,
PAX,PAX04,PAX04-02-01,3364958.06,184,71,25,9,31,6,0,,,,,,,,,,,,
PAX,PAX04,PAX04-02-02,3181813.349,149,63,22,1,33,7,0,,,,,,,,,,,,
PAX,PAX04,PAX04-02-03,2599640.803,122,57,28,4,19,6,0,,,,,,,,,,,,
PAX,PAX06,PAX06-01-01,2633616.444,118,56,24,5,27,0,0,,,,,,,,,,,,
PAX,PAX06,PAX06-01-02,2750589.893,132,73,32,5,31,5,0,,,,,,,,,,,,
PAX,PAX06,PAX06-01-03,3843416.441,172,95,51,4,34,6,0,,,,,,,,,,,,
PAX,PAX06,PAX06-02-01,1902347.04,133,67,29,3,30,5,0,,,,,,,,,,,,
PAX,PAX06,PAX06-02-02,3246314.111,144,81,46,2,27,6,0,,,,,,,,,,,,
PAX,PAX06,PAX06-02-03,5203515.623,197,109,63,3,32,11,0,,,,,,,,,,,,
PAX,PAX07,PAX07-01-01,1791226.127,100,51,25,3,18,5,0,,,,,,,,,,,,
PAX,PAX07,PAX07-01-02,1910894.424,118,50,12,4,29,5,0,,,,,,,,,,,,
PAX,PAX07,PAX07-01-03,1994113.131,137,49,7,3,32,7,0,,,,,,,,,,,,
PCO,PCO01,PCO01-01-01,2812390.537,255,195,154,1,25,15,0,,,,,,,,,,,,
PCO,PCO01,PCO01-01-02,4703157.817,381,271,224,7,32,8,2,,,,,,,,,,,,
PCO,PCO01,PCO01-01-03,1722190.693,129,104,83,2,14,5,0,,,,,,,,,,,,
PCO,PCO01,PCO01-02-01,3692654.5,256,189,154,1,25,9,2,,,,,,,,,,,,
PCO,PCO01,PCO01-02-02,3270961.194,224,158,120,3,21,14,0,,,,,,,,,,,,
PCO,PCO01,PCO01-02-03,2734529.393,139,125,111,0,8,6,0,,,,,,,,,,,,
PCO,PCO02,PCO02-01-01,4110503.732,164,140,123,0,8,9,0,,,,,,,,,,,,
PCO,PCO02,PCO02-01-02,3042191.879,142,115,93,0,15,7,0,,,,,,,,,,,,
PCO,PCO02,PCO02-01-03,3237925.509,151,108,87,3,10,8,0,,,,,,,,,,,,
PCO,PCO02,PCO02-02-01,4264423.133,207,169,149,1,12,7,0,,,,,,,,,,,,
PCO,PCO02,PCO02-02-02,4558523.646,246,201,170,3,16,12,0,,,,,,,,,,,,
PCO,PCO02,PCO02-02-03,1769265.55,115,89,75,2,9,3,0,,,,,,,,,,,,
PCO,PCO03,PCO03-01-01,2159102.631,180,121,87,0,22,12,0,,,,,,,,,,,,
PCO,PCO03,PCO03-01-02,2326364.963,169,131,103,0,18,10,0,,,,,,,,,,,,
PCO,PCO03,PCO03-01-03,2091753.715,174,114,77,1,24,12,0,,,,,,,,,,,,
PCO,PCO03,PCO03-02-01,3651797.678,132,107,94,0,8,5,0,,,,,,,,,,,,
PCO,PCO03,PCO03-02-02,3777466.629,157,117,95,0,15,7,0,,,,,,,,,,,,
PCO,PCO03,PCO03-02-03,5038390.759,212,185,165,0,13,7,0,,,,,,,,,,,,
PCO,PCO04,PCO04-01-01,3197758.912,143,117,100,0,8,9,0,,,,,,,,,,,,
PCO,PCO04,PCO04-01-02,2247098.096,128,108,96,0,7,5,0,,,,,,,,,,,,
PCO,PCO04,PCO04-01-03,2888177.398,159,114,85,2,13,14,0,,,,,,,,,,,,
PCO,PCO04,PCO04-02-01,2123539.534,126,111,103,0,4,4,0,,,,,,,,,,,,
PCO,PCO04,PCO04-02-02,2315486.259,133,98,76,1,11,10,0,,,,,,,,,,,,
PCO,PCO04,PCO04-02-03,3479748.307,190,147,119,3,17,8,0,,,,,,,,,,,,
PCO,PCO05,PCO05-01-01,1955535.827,157,124,109,1,12,2,0,,,,,,,,,,,,
PCO,PCO05,PCO05-01-02,1660294.369,132,102,84,0,15,3,0,,,,,,,,,,,,
PCO,PCO05,PCO05-01-03,2818214.417,147,122,103,1,14,4,0,,,,,,,,,,,,
PCO,PCO05,PCO05-02-01,2069452.312,181,131,95,0,21,15,0,,,,,,,,,,,,
PCO,PCO05,PCO05-02-02,2144485.162,179,133,111,1,12,9,0,,,,,,,,,,,,
PCO,PCO05,PCO05-02-03,2143998.936,182,135,111,0,16,8,0,,,,,,,,,,,,
PEO,PEO01,PEO01-01-01,3130406.988,179,140,112,2,8,18,0,,,,,,,,,,,,
PEO,PEO01,PEO01-01-02,2345651.525,161,127,104,1,16,6,0,,,,,,,,,,,,
PEO,PEO01,PEO01-01-03,1922181.208,149,120,96,0,16,8,0,,,,,,,,,,,,
PEO,PEO01,PEO01-02-01,6109943.116,316,237,189,1,37,10,2,,,,,,,,,,,,
PEO,PEO01,PEO01-02-02,5340616.902,251,194,157,1,21,15,0,,,,,,,,,,,,
PEO,PEO01,PEO01-02-03,5476158.406,268,209,169,0,19,21,0,,,,,,,,,,,,
PEO,PEO02,PEO02-01-01,6313576.715,264,209,171,0,22,16,0,,,,,,,,,,,,
PEO,PEO02,PEO02-01-02,3808576.666,158,137,120,0,11,6,0,,,,,,,,,,,,
PEO,PEO02,PEO02-01-03,6444124.775,256,215,180,0,14,21,0,,,,,,,,,,,,
PEO,PEO02,PEO02-02-01,3908816.24,279,197,149,1,31,16,0,,,,,,,,,,,,
PEO,PEO02,PEO02-02-02,6774335.99,388,299,240,1,32,26,0,,,,,,,,,,,,
PEO,PEO02,PEO02-02-03,7136343.254,405,287,216,0,51,20,0,,,,,,,,,,,,
PEO,PEO03,PEO03-01-01,3366686.328,145,113,92,1,15,5,14,,,,,,,,,,,,
PEO,PEO03,PEO03-01-02,3636529.702,199,163,138,2,13,10,9,,,,,,,,,,,,
PEO,PEO03,PEO03-01-03,3427630.66,182,144,115,0,16,13,8,,,,,,,,,,,,
PEO,PEO03,PEO03-02-01,4024926.759,277,207,168,0,30,9,0,,,,,,,,,,,,
PEO,PEO03,PEO03-02-02,2921500.726,159,114,84,0,24,6,0,,,,,,,,,,,,
PEO,PEO03,PEO03-02-03,2884056.513,192,148,114,0,21,13,0,,,,,,,,,,,,
PEO,PEO04,PEO04-01-01,3154138.185,144,124,110,0,10,4,0,,,,,,,,,,,,
PEO,PEO04,PEO04-01-02,2993087.871,177,151,130,1,16,4,0,,,,,,,,,,,,
PEO,PEO04,PEO04-01-03,3500334.079,144,130,120,0,8,2,0,,,,,,,,,,,,
PEO,PEO04,PEO04-02-01,3694654.164,155,137,128,0,7,2,0,,,,,,,,,,,,
PEO,PEO04,PEO04-02-02,1931307.573,112,91,74,0,10,7,4,,,,,,,,,,,,
PEO,PEO04,PEO04-02-03,3426221.327,128,99,86,0,6,7,8,,,,,,,,,,,,
PEO,PEO05,PEO05-01-01,3181416.786,177,130,102,0,21,7,0,,,,,,,,,,,,
PEO,PEO05,PEO05-01-02,1419052.876,123,98,83,1,10,4,0,,,,,,,,,,,,
PEO,PEO05,PEO05-01-03,1390697.719,126,105,92,0,11,2,0,,,,,,,,,,,,
PEO,PEO05,PEO05-02-01,2942808.014,160,112,79,0,22,11,0,,,,,,,,,,,,
PEO,PEO05,PEO05-02-02,4442955.317,202,139,98,4,17,20,0,,,,,,,,,,,,
PEO,PEO05,PEO05-02-03,4684446.542,193,123,86,2,15,20,0,,,,,,,,,,,,
MBE,MBE01,MBE01-01-01,2249714.569,256,176,133,0,12,31,0,,,,,,,,,,,,
MBE,MBE01,MBE01-01-02,2724510.61,251,166,110,1,6,49,0,,,,,,,,,,,,
MBE,MBE01,MBE01-01-03,3322733.427,284,191,131,0,7,53,0,,,,,,,,,,,,
MBE,MBE01,MBE01-02-01,1557990.741,161,108,74,1,4,29,0,,,,,,,,,,,,
MBE,MBE01,MBE01-02-02,2483054.89,278,185,121,1,6,57,0,,,,,,,,,,,,
MBE,MBE01,MBE01-02-03,1725952.926,185,126,83,0,5,38,0,,,,,,,,,,,,
MBE,MBE02,MBE02-01-01,1352098.117,203,117,70,2,8,37,0,,,,,,,,,,,,
MBE,MBE02,MBE02-01-02,1317677.17,199,116,62,0,5,49,0,,,,,,,,,,,,
MBE,MBE02,MBE02-01-03,1736081.831,227,149,100,0,8,41,0,,,,,,,,,,,,
MBE,MBE02,MBE02-02-01,1200814.445,171,124,98,0,1,25,0,,,,,,,,,,,,
MBE,MBE02,MBE02-02-02,1483634.275,269,164,111,0,4,49,0,,,,,,,,,,,,
MBE,MBE02,MBE02-02-03,1580169.385,211,142,104,0,8,30,0,,,,,,,,,,,,
MBE,MBE03,MBE03-01-01,1523542.113,157,126,103,0,3,20,0,,,,,,,,,,,,
MBE,MBE03,MBE03-01-02,2399224.239,249,183,137,0,6,40,0,,,,,,,,,,,,
MBE,MBE03,MBE03-01-03,1441156.901,150,126,110,1,3,12,0,,,,,,,,,,,,
MBE,MBE03,MBE03-02-01,1596994.729,137,114,95,0,4,15,0,,,,,,,,,,,,
MBE,MBE03,MBE03-02-02,1428226.179,125,104,86,0,1,17,0,,,,,,,,,,,,
MBE,MBE03,MBE03-02-03,2433303.383,235,170,121,3,6,40,0,,,,,,,,,,,,
MBE,MBE04,MBE04-01-01,864994.181,123,73,38,0,9,26,0,,,,,,,,,,,,
MBE,MBE04,MBE04-01-02,1536336.235,156,100,68,0,2,30,0,,,,,,,,,,,,
MBE,MBE04,MBE04-01-03,1714767.322,215,145,92,3,1,49,0,,,,,,,,,,,,
MBE,MBE04,MBE04-02-01,1052611.208,259,153,104,2,11,36,0,,,,,,,,,,,,
MBE,MBE04,MBE04-02-02,954864.745,147,75,40,4,8,23,0,,,,,,,,,,,,
MBE,MBE04,MBE04-02-03,1059962.366,144,79,45,3,6,25,0,,,,,,,,,,,,
MBE,MBE05,MBE05-01-01,915845.112,153,121,95,0,5,21,0,,,,,,,,,,,,
MBE,MBE05,MBE05-01-02,2072068.785,239,181,143,0,7,31,0,,,,,,,,,,,,
MBE,MBE05,MBE05-01-03,1851055.015,212,170,134,0,4,32,0,,,,,,,,,,,,
MBE,MBE05,MBE05-02-01,700981.378,124,83,61,2,4,16,0,,,,,,,,,,,,
MBE,MBE05,MBE05-02-02,1017261.738,166,117,92,1,8,16,0,,,,,,,,,,,,
MBE,MBE05,MBE05-02-03,1282379.452,186,133,105,1,6,21,0,,,,,,,,,,,,
MGI,MGI01,MGI01-01-01,3952775.159,158,92,53,2,6,31,1,,,,,,,,,,,,
MGI,MGI01,MGI01-01-02,3166355.816,168,78,31,7,2,38,2,,,,,,,,,,,,
MGI,MGI01,MGI01-01-03,2621992.755,139,74,33,1,2,38,8,,,,,,,,,,,,
MGI,MGI01,MGI01-02-01,3161019.968,189,78,24,4,5,45,0,,,,,,,,,,,,
MGI,MGI01,MGI01-02-02,2924363.923,154,73,26,2,3,42,0,,,,,,,,,,,,
MGI,MGI01,MGI01-02-03,3048316.641,169,89,45,4,12,28,0,,,,,,,,,,,,
MGI,MGI02,MGI02-01-01,5233863.224,169,78,31,2,2,43,0,,,,,,,,,,,,
MGI,MGI02,MGI02-01-02,8815657.001,169,95,50,1,6,38,0,,,,,,,,,,,,
MGI,MGI02,MGI02-01-03,6060116.99,142,73,28,3,4,38,0,,,,,,,,,,,,
MGI,MGI02,MGI02-02-01,5904392.294,148,76,33,1,1,41,2,,,,,,,,,,,,
MGI,MGI02,MGI02-02-02,3983786.506,126,54,18,3,4,29,0,,,,,,,,,,,,
MGI,MGI02,MGI02-02-03,3182563.147,102,42,9,4,3,26,0,,,,,,,,,,,,
MGI,MGI03,MGI03-01-01,4739132.52,122,64,35,1,1,27,0,,,,,,,,,,,,
MGI,MGI03,MGI03-01-02,4009028.133,102,50,27,2,2,19,0,,,,,,,,,,,,
MGI,MGI03,MGI03-01-03,4049913.237,130,69,32,3,4,30,0,,,,,,,,,,,,
MGI,MGI03,MGI03-02-01,3736374.518,128,60,29,5,4,22,0,,,,,,,,,,,,
MGI,MGI03,MGI03-02-02,2944125.277,110,63,39,2,4,18,0,,,,,,,,,,,,
MGI,MGI03,MGI03-02-03,3599486.264,157,69,30,5,9,25,0,,,,,,,,,,,,
MGI,MGI04,MGI04-01-01,6999834.111,103,69,46,1,0,22,0,,,,,,,,,,,,
MGI,MGI04,MGI04-01-02,13874510.77,171,128,100,0,5,23,0,,,,,,,,,,,,
MGI,MGI04,MGI04-01-03,10374658.71,159,104,71,1,2,30,0,,,,,,,,,,,,
MGI,MGI04,MGI04-02-01,10287978.1,219,127,75,0,5,47,0,,,,,,,,,,,,
MGI,MGI04,MGI04-02-02,10512789,137,99,76,1,4,18,0,,,,,,,,,,,,
MGI,MGI04,MGI04-02-03,13604891.26,175,122,84,0,3,35,0,,,,,,,,,,,,
MGI,MGI05,MGI05-01-01,7146905.43,130,74,47,1,4,22,0,,,,,,,,,,,,
MGI,MGI05,MGI05-01-02,9897138.477,173,105,65,1,1,38,0,,,,,,,,,,,,
MGI,MGI05,MGI05-01-03,6728558.538,168,85,41,1,1,42,0,,,,,,,,,,,,
MGI,MGI05,MGI05-02-01,4922283.851,205,78,27,8,2,41,0,,,,,,,,,,,,
MGI,MGI05,MGI05-02-02,4229476.244,205,85,39,3,8,35,0,,,,,,,,,,,,
MGI,MGI05,MGI05-02-03,5297790.504,167,66,22,4,2,38,0,,,,,,,,,,,,
GPA,GPA02,GPA02-01-01,3877494.93,199,107,58,4,1,44,0,,,,,,,,,,,,
GPA,GPA02,GPA02-01-02,3241722.227,182,93,40,2,1,50,0,,,,,,,,,,,,
GPA,GPA02,GPA02-01-03,8400489.891,186,106,69,2,3,32,0,,,,,,,,,,,,
GPA,GPA02,GPA02-02-01,6525623.202,145,109,91,1,3,14,0,,,,,,,,,,,,
GPA,GPA02,GPA02-02-02,8031965.858,139,102,75,1,2,24,0,,,,,,,,,,,,
GPA,GPA02,GPA02-02-03,5934631.288,120,85,66,1,1,17,0,,,,,,,,,,,,
GPA,GPA03,GPA03-01-01,3993470.718,124,90,73,0,2,15,0,,,,,,,,,,,,
GPA,GPA03,GPA03-01-02,6525413.262,156,89,55,2,1,31,12,,,,,,,,,,,,
GPA,GPA03,GPA03-01-03,5108863.131,175,102,75,0,0,27,0,,,,,,,,,,,,
GPA,GPA03,GPA03-02-01,5395667.351,190,114,80,1,1,32,0,,,,,,,,,,,,
GPA,GPA03,GPA03-02-02,4065567.129,142,91,61,2,2,26,0,,,,,,,,,,,,
GPA,GPA03,GPA03-02-03,3600807.044,117,82,58,1,2,21,0,,,,,,,,,,,,
GPA,GPA04,GPA04-01-01,2882559.02,159,74,36,1,0,37,27,,,,,,,,,,,,
GPA,GPA04,GPA04-01-02,2686109.395,166,88,46,2,1,39,0,,,,,,,,,,,,
GPA,GPA04,GPA04-01-03,3805055.155,186,95,45,0,0,50,3,,,,,,,,,,,,
GPA,GPA04,GPA04-02-01,2736533.143,115,77,54,2,2,19,0,,,,,,,,,,,,
GPA,GPA04,GPA04-02-02,2443740.209,106,70,46,0,6,18,0,,,,,,,,,,,,
GPA,GPA04,GPA04-02-03,3727730.603,153,106,76,1,1,28,0,,,,,,,,,,,,
GPA,GPA05,GPA05-01-01,5864902.391,116,87,69,0,3,15,3,,,,,,,,,,,,
GPA,GPA05,GPA05-01-02,4620338.311,104,84,74,0,1,9,2,,,,,,,,,,,,
GPA,GPA05,GPA05-01-03,5430543.642,115,80,60,0,1,19,3,,,,,,,,,,,,
GPA,GPA05,GPA05-02-01,5977050.799,112,88,67,0,1,20,1,,,,,,,,,,,,
GPA,GPA05,GPA05-02-02,5999318.318,116,85,66,2,1,16,0,,,,,,,,,,,,
GPA,GPA05,GPA05-02-03,6049958.39,138,110,85,0,6,19,1,,,,,,,,,,,,
GPA,GPA06,GPA06-01-01,3708789.411,99,80,65,0,0,15,0,,,,,,,,,,,,
GPA,GPA06,GPA06-01-02,5516573.442,177,115,78,0,2,35,0,,,,,,,,,,,,
GPA,GPA06,GPA06-01-03,3606329.192,135,86,58,3,2,23,0,,,,,,,,,,,,
GPA,GPA06,GPA06-02-01,3865317.842,119,70,48,1,2,19,0,,,,,,,,,,,,
GPA,GPA06,GPA06-02-02,3127037.198,117,70,45,0,4,21,0,,,,,,,,,,,,
GPA,GPA06,GPA06-02-03,3454504.351,118,80,59,1,2,18,1,,,,,,,,,,,,
XFL,XFL01,XFL01-01-01,6049643.77,80,76,74,1,1,0,0,,,,,,,,,,,,
XFL,XFL01,XFL01-01-02,4935567.602,49,48,47,0,0,1,0,,,,,,,,,,,,
XFL,XFL01,XFL01-01-03,7075783.864,72,70,68,0,0,2,0,,,,,,,,,,,,
XFL,XFL01,XFL01-02-01,7646388.619,102,100,98,0,2,0,0,,,,,,,,,,,,
XFL,XFL01,XFL01-02-02,7440193.278,90,90,90,0,0,0,0,,,,,,,,,,,,
XFL,XFL01,XFL01-02-03,8517929.789,100,97,94,0,1,2,0,,,,,,,,,,,,
XFL,XFL02,XFL02-01-01,4413008.962,129,124,120,0,4,0,0,,,,,,,,,,,,
XFL,XFL02,XFL02-01-02,4649001.175,146,132,125,2,4,1,0,,,,,,,,,,,,
XFL,XFL02,XFL02-01-03,4841507.481,146,127,115,1,5,6,0,,,,,,,,,,,,
XFL,XFL02,XFL02-02-01,7775521.506,126,118,114,0,2,2,0,,,,,,,,,,,,
XFL,XFL02,XFL02-02-02,8368052.398,123,121,119,0,1,1,0,,,,,,,,,,,,
XFL,XFL02,XFL02-02-03,3669084.024,90,83,80,2,1,0,0,,,,,,,,,,,,
XFL,XFL03,XFL03-01-01,6007543.622,120,111,103,0,4,4,0,,,,,,,,,,,,
XFL,XFL03,XFL03-01-02,5777657.408,128,115,106,0,3,6,0,,,,,,,,,,,,
XFL,XFL03,XFL03-01-03,7583878.132,115,106,99,1,5,1,0,,,,,,,,,,,,
XFL,XFL03,XFL03-02-01,11976182.25,115,106,102,2,2,0,0,,,,,,,,,,,,
XFL,XFL03,XFL03-02-02,17654232.89,171,169,167,0,2,0,0,,,,,,,,,,,,
XFL,XFL03,XFL03-02-03,9080578.517,103,99,95,0,2,2,0,,,,,,,,,,,,
XFL,XFL04,XFL04-01-01,6412921.633,103,101,99,0,0,2,0,,,,,,,,,,,,
XFL,XFL04,XFL04-01-02,4577352.257,75,75,75,0,0,0,0,,,,,,,,,,,,
XFL,XFL04,XFL04-01-03,5124565.884,86,81,76,0,2,3,0,,,,,,,,,,,,
XFL,XFL04,XFL04-02-01,7031891.428,125,122,119,0,0,3,0,,,,,,,,,,,,
XFL,XFL04,XFL04-02-02,6804182.803,99,96,93,0,0,3,0,,,,,,,,,,,,
XFL,XFL04,XFL04-02-03,12117585.06,124,168,164,0,3,1,0,,,,,,,,,,,,
XFL,XFL05,XFL05-01-01,2903447.709,55,47,43,0,2,2,0,,,,,,,,,,,,
XFL,XFL05,XFL05-01-02,4760222.276,81,78,75,0,2,1,0,,,,,,,,,,,,
XFL,XFL05,XFL05-01-03,5248533.831,108,105,102,0,1,2,0,,,,,,,,,,,,
XFL,XFL05,XFL05-02-01,7565302.344,134,126,121,2,1,2,0,,,,,,,,,,,,
XFL,XFL05,XFL05-02-02,5635396.86,94,90,86,0,3,1,0,,,,,,,,,,,,
XFL,XFL05,XFL05-02-03,7359186.654,140,131,126,2,1,2,0,,,,,,,,,,,,
LMU,LMU01,LMU01-01-01,6462552.041,193,119,72,3,8,36,6,,,,,,,,,,,,
LMU,LMU01,LMU01-01-02,2317240.837,166,109,73,2,2,32,0,,,,,,,,,,,,
LMU,LMU01,LMU01-01-03,2374825.415,184,114,71,1,7,35,0,,,,,,,,,,,,
LMU,LMU01,LMU01-02-01,2664352.605,174,119,81,1,3,34,0,,,,,,,,,,,,
LMU,LMU01,LMU01-02-02,2371007.548,209,137,96,7,8,26,1,,,,,,,,,,,,
LMU,LMU01,LMU01-02-03,5933831.036,269,166,92,1,6,67,0,,,,,,,,,,,,
LMU,LMU02,LMU02-01-01,1758559.341,208,118,58,1,8,51,0,,,,,,,,,,,,
LMU,LMU02,LMU02-01-02,1776076.496,150,87,44,1,2,40,0,,,,,,,,,,,,
LMU,LMU02,LMU02-01-03,1975076.717,160,107,61,0,1,45,0,,,,,,,,,,,,
LMU,LMU02,LMU02-02-01,5575519.564,243,148,78,1,4,65,0,,,,,,,,,,,,
LMU,LMU02,LMU02-02-02,3725730.246,163,111,75,0,3,33,0,,,,,,,,,,,,
LMU,LMU02,LMU02-02-03,2065493.339,177,116,71,0,1,44,0,,,,,,,,,,,,
LMU,LMU03,LMU03-01-01,3071818.851,231,147,87,0,2,58,0,,,,,,,,,,,,
LMU,LMU03,LMU03-01-02,1852859.475,186,127,78,1,2,46,0,,,,,,,,,,,,
LMU,LMU03,LMU03-01-03,1887072.206,202,119,72,3,4,40,0,,,,,,,,,,,,
LMU,LMU03,LMU03-02-01,1709968.267,271,129,64,9,6,50,0,,,,,,,,,,,,
LMU,LMU03,LMU03-02-02,1983029.401,265,158,98,4,13,43,0,,,,,,,,,,,,
LMU,LMU03,LMU03-02-03,1677532.328,214,114,50,5,11,48,0,,,,,,,,,,,,
LMU,LMU04,LMU04-01-01,4308522.897,250,169,107,0,5,57,0,,,,,,,,,,,,
LMU,LMU04,LMU04-01-02,4245518.973,261,185,125,1,7,52,0,,,,,,,,,,,,
LMU,LMU04,LMU04-01-03,4257814.232,189,148,111,0,3,34,0,,,,,,,,,,,,
LMU,LMU04,LMU04-02-01,4363936.313,291,191,117,0,6,68,0,,,,,,,,,,,,
LMU,LMU04,LMU04-02-02,2555416.665,193,120,64,0,1,55,2,,,,,,,,,,,,
LMU,LMU04,LMU04-02-03,1910992.296,160,102,56,1,5,40,1,,,,,,,,,,,,
LMU,LMU05,LMU05-01-01,4058640.843,322,194,97,4,5,88,5,,,,,,,,,,,,
LMU,LMU05,LMU05-01-02,4182975.882,318,157,45,3,7,102,10,,,,,,,,,,,,
LMU,LMU05,LMU05-01-03,4059037.577,284,176,90,1,3,82,8,,,,,,,,,,,,
LMU,LMU05,LMU05-02-01,2964222.905,205,134,72,0,3,59,0,,,,,,,,,,,,
LMU,LMU05,LMU05-02-02,2894928.696,235,136,60,2,4,70,0,,,,,,,,,,,,
LMU,LMU05,LMU05-02-03,1540047.952,232,120,51,0,2,67,5,,,,,,,,,,,,
SPA,SPA01,SPA01-01-01,1654767.169,180,147,120,0,18,9,2,,,,,,,,,,,,
SPA,SPA01,SPA01-01-02,1540732.22,203,171,133,1,26,11,0,,,,,,,,,,,,
SPA,SPA01,SPA01-01-03,1466891.213,164,140,112,0,13,15,0,,,,,,,,,,,,
SPA,SPA01,SPA01-02-01,2758419.211,241,188,145,5,21,17,0,,,,,,,,,,,,
SPA,SPA01,SPA01-02-02,2252129.154,199,140,97,2,21,20,0,,,,,,,,,,,,
SPA,SPA01,SPA01-02-03,2335298.398,162,137,113,0,8,16,3,,,,,,,,,,,,
SPA,SPA02,SPA02-01-01,1791339.286,138,103,73,0,10,20,0,,,,,,,,,,,,
SPA,SPA02,SPA02-01-02,1747964.389,121,103,79,0,12,12,0,,,,,,,,,,,,
SPA,SPA02,SPA02-01-03,2084116.835,142,112,86,0,11,15,0,,,,,,,,,,,,
SPA,SPA02,SPA02-02-01,2539861.454,111,93,74,0,6,13,0,,,,,,,,,,,,
SPA,SPA02,SPA02-02-02,1279932.023,102,83,64,0,2,17,0,,,,,,,,,,,,
SPA,SPA02,SPA02-02-03,1183473.052,141,102,75,1,10,16,0,,,,,,,,,,,,
SPA,SPA03,SPA03-01-01,1491408.642,134,87,54,1,12,20,0,,,,,,,,,,,,
SPA,SPA03,SPA03-01-02,888539.541,119,78,50,1,12,15,0,,,,,,,,,,,,
SPA,SPA03,SPA03-01-03,1043981.324,132,86,53,2,16,15,0,,,,,,,,,,,,
SPA,SPA03,SPA03-02-01,2201626.203,118,99,83,0,10,6,0,,,,,,,,,,,,
SPA,SPA03,SPA03-02-02,1535892.01,117,84,61,0,8,15,0,,,,,,,,,,,,
SPA,SPA03,SPA03-02-03,1540011.871,112,86,67,2,9,8,0,,,,,,,,,,,,
SPA,SPA04,SPA04-01-01,1359103.245,108,80,58,3,6,13,0,,,,,,,,,,,,
SPA,SPA04,SPA04-01-02,1242254.329,123,92,63,2,19,8,0,,,,,,,,,,,,
SPA,SPA04,SPA04-01-03,1198908.125,138,93,59,3,20,11,0,,,,,,,,,,,,
SPA,SPA04,SPA04-02-01,1555187.102,121,83,52,1,9,21,0,,,,,,,,,,,,
SPA,SPA04,SPA04-02-02,1296462.873,101,71,44,1,9,17,0,,,,,,,,,,,,
SPA,SPA04,SPA04-02-03,1687210.903,124,85,53,0,4,28,0,,,,,,,,,,,,
SPA,SPA05,SPA05-01-01,994807.344,117,85,57,1,12,15,0,,,,,,,,,,,,
SPA,SPA05,SPA05-01-02,1013371.384,133,102,76,1,7,18,0,,,,,,,,,,,,
SPA,SPA05,SPA05-01-03,949171.468,112,90,69,1,12,8,0,,,,,,,,,,,,
SPA,SPA05,SPA05-02-01,1177701.886,146,117,94,1,7,15,0,,,,,,,,,,,,
SPA,SPA05,SPA05-02-02,735629.872,104,89,72,0,7,10,0,,,,,,,,,,,,
SPA,SPA05,SPA05-02-03,632098.418,106,84,62,1,17,4,0,,,,,,,,,,,,
SCE,SCE01,SCE01-01-01,1438802.515,169,115,83,0,3,29,0,,,,,,,,,,,,
SCE,SCE01,SCE01-01-02,1216150.365,157,113,81,0,2,30,0,,,,,,,,,,,,
SCE,SCE01,SCE01-01-03,1653691.416,168,118,83,0,5,30,0,,,,,,,,,,,,
SCE,SCE01,SCE01-02-01,737927.33,122,85,69,1,1,14,0,,,,,,,,,,,,
SCE,SCE01,SCE01-02-02,299862.707,120,92,69,0,4,19,0,,,,,,,,,,,,
SCE,SCE01,SCE01-02-03,1131691.042,145,99,74,0,3,22,0,,,,,,,,,,,,
SCE,SCE02,SCE02-01-01,1291907.855,194,134,93,4,9,28,0,,,,,,,,,,,,
SCE,SCE02,SCE02-01-02,956105.727,198,122,74,0,9,39,0,,,,,,,,,,,,
SCE,SCE02,SCE02-01-03,678191.502,165,99,61,1,11,26,0,,,,,,,,,,,,
SCE,SCE02,SCE02-02-01,924295.348,247,157,110,1,8,38,0,,,,,,,,,,,,
SCE,SCE02,SCE02-02-02,2481253.488,189,113,73,4,3,33,0,,,,,,,,,,,,
SCE,SCE02,SCE02-02-03,701668.617,158,96,58,0,9,29,0,,,,,,,,,,,,
SCE,SCE03,SCE03-01-01,4297132.359,153,98,66,1,4,27,0,,,,,,,,,,,,
SCE,SCE03,SCE03-01-02,779069.4,189,123,78,4,10,31,0,,,,,,,,,,,,
SCE,SCE03,SCE03-01-03,770281.85,203,113,68,2,6,37,0,,,,,,,,,,,,
SCE,SCE03,SCE03-02-01,2699833.754,189,117,80,0,10,27,0,,,,,,,,,,,,
SCE,SCE03,SCE03-02-02,798286.878,161,86,40,0,10,36,0,,,,,,,,,,,,
SCE,SCE03,SCE03-02-03,1398693.633,126,88,61,0,6,21,0,,,,,,,,,,,,
SCE,SCE04,SCE04-01-01,1477857.493,198,129,82,5,13,29,0,,,,,,,,,,,,
SCE,SCE04,SCE04-01-02,3599690.645,217,162,124,2,11,25,0,,,,,,,,,,,,
SCE,SCE04,SCE04-01-03,1376890.335,194,141,97,1,11,32,0,,,,,,,,,,,,
SCE,SCE04,SCE04-02-01,1325414.985,215,134,81,0,12,41,0,,,,,,,,,,,,
SCE,SCE04,SCE04-02-02,1630488.366,238,144,82,5,13,44,0,,,,,,,,,,,,
SCE,SCE04,SCE04-02-03,1356977.992,263,167,105,5,4,53,0,,,,,,,,,,,,
SCE,SCE05,SCE05-01-01,1178898.318,202,118,71,3,6,38,0,,,,,,,,,,,,
SCE,SCE05,SCE05-01-02,1145918.408,179,102,55,2,7,38,0,,,,,,,,,,,,
SCE,SCE05,SCE05-01-03,848105.298,169,111,80,3,7,21,0,,,,,,,,,,,,
SCE,SCE05,SCE05-02-01,1427561.641,199,114,65,6,13,30,0,,,,,,,,,,,,
SCE,SCE05,SCE05-02-02,818517.938,155,96,64,3,3,26,0,,,,,,,,,,,,
SCE,SCE05,SCE05-02-03,1032804.498,115,80,60,3,2,15,0,,,,,,,,,,,,
EMA,EMA01,EMA01-01-01,3756714.628,142,106,89,2,2,13,0,,,,,,,,,,,,
EMA,EMA01,EMA01-01-02,4381765.706,112,69,51,3,0,15,0,,,,,,,,,,,,
EMA,EMA01,EMA01-01-03,6666865.673,170,94,64,5,0,25,0,,,,,,,,,,,,
EMA,EMA01,EMA01-02-01,3590840.659,164,104,71,1,5,27,0,,,,,,,,,,,,
EMA,EMA01,EMA01-02-02,2059100.977,111,76,59,0,2,15,0,,,,,,,,,,,,
EMA,EMA01,EMA01-02-03,2923509.454,126,84,64,0,2,18,0,,,,,,,,,,,,
EMA,EMA02,EMA02-01-01,3377923.522,159,111,81,1,5,24,1,,,,,,,,,,,,
EMA,EMA02,EMA02-01-02,9682307.857,194,138,100,0,2,36,0,,,,,,,,,,,,
EMA,EMA02,EMA02-01-03,4620732.934,143,110,90,0,2,18,0,,,,,,,,,,,,
EMA,EMA02,EMA02-02-01,4184412.194,225,149,105,1,4,39,0,,,,,,,,,,,,
EMA,EMA02,EMA02-02-02,3630583.515,142,90,55,0,2,33,0,,,,,,,,,,,,
EMA,EMA02,EMA02-02-03,2551753.017,147,97,61,0,4,32,0,,,,,,,,,,,,
EMA,EMA03,EMA03-01-01,4013317.842,114,88,69,1,4,14,0,,,,,,,,,,,,
EMA,EMA03,EMA03-01-02,3045847.081,107,82,64,0,5,13,0,,,,,,,,,,,,
EMA,EMA03,EMA03-01-03,3656737.208,121,96,80,0,3,13,0,,,,,,,,,,,,
EMA,EMA03,EMA03-02-01,766380.643,116,70,46,2,2,20,0,,,,,,,,,,,,
EMA,EMA03,EMA03-02-02,2574468.696,110,75,57,1,1,16,0,,,,,,,,,,,,
EMA,EMA03,EMA03-02-03,1725167.411,110,72,53,0,0,19,0,,,,,,,,,,,,
EMA,EMA05,EMA05-01-01,2082219.495,128,103,82,0,3,18,0,,,,,,,,,,,,
EMA,EMA05,EMA05-01-02,1917733.994,112,66,43,1,3,19,0,,,,,,,,,,,,
EMA,EMA05,EMA05-01-03,1269850.145,129,98,74,0,7,17,0,,,,,,,,,,,,
EMA,EMA05,EMA05-02-01,2970838.453,100,75,57,0,3,15,0,,,,,,,,,,,,
EMA,EMA05,EMA05-02-02,1331580.999,111,88,71,0,3,14,0,,,,,,,,,,,,
EMA,EMA05,EMA05-02-03,938017.467,121,89,72,0,0,17,0,,,,,,,,,,,,
EMA,EMA06,EMA06-01-01,3024397.041,122,78,55,1,2,20,0,,,,,,,,,,,,
EMA,EMA06,EMA06-01-02,3644110.879,116,72,48,0,0,24,0,,,,,,,,,,,,
EMA,EMA06,EMA06-01-03,1805320.945,144,84,56,1,1,26,0,,,,,,,,,,,,
EMA,EMA06,EMA06-02-01,1323834.31,100,60,35,0,1,24,0,,,,,,,,,,,,
EMA,EMA06,EMA06-02-02,849560.175,91,61,44,0,0,17,0,,,,,,,,,,,,
EMA,EMA06,EMA06-02-03,1929506.189,140,88,60,1,1,26,0,,,,,,,,,,,,
AAN,AAN01,AAN01-01-01,2072292.242,238,111,52,4,6,49,0,,,,,,,,,,,,
AAN,AAN01,AAN01-01-02,1713697.186,154,74,39,0,7,28,0,,,,,,,,,,,,
AAN,AAN01,AAN01-01-03,1189979.886,151,62,27,2,8,25,0,,,,,,,,,,,,
AAN,AAN01,AAN01-02-01,,,0,,,,,,,,,,,,,,,,,
AAN,AAN01,AAN01-02-02,,,0,,,,,,,,,,,,,,,,,
AAN,AAN01,AAN01-02-03,,,0,,,,,,,,,,,,,,,,,
AAN,AAN02,AAN02-01-01,,,0,,,,,,,,,,,,,,,,,
AAN,AAN02,AAN02-01-02,,,0,,,,,,,,,,,,,,,,,
AAN,AAN02,AAN02-01-03,,,0,,,,,,,,,,,,,,,,,
AAN,AAN02,AAN02-02-01,1323329.925,150,49,22,1,3,23,0,,,,,,,,,,,,
AAN,AAN02,AAN02-02-02,1644030.383,124,46,21,5,0,20,2,,,,,,,,,,,,
AAN,AAN02,AAN02-02-03,1916601.223,169,70,25,0,2,43,0,,,,,,,,,,,,
AAN,AAN03,AAN03-01-01,2453364.22,147,68,32,2,3,31,0,,,,,,,,,,,,
AAN,AAN03,AAN03-01-02,4667887.499,171,72,32,16,1,23,0,,,,,,,,,,,,
AAN,AAN03,AAN03-01-03,1615088.552,221,114,64,2,7,41,0,,,,,,,,,,,,
AAN,AAN03,AAN03-02-01,1102246.987,157,83,47,1,5,30,0,,,,,,,,,,,,
AAN,AAN03,AAN03-02-02,3436120.993,190,97,61,5,5,26,0,,,,,,,,,,,,
AAN,AAN03,AAN03-02-03,2141657.782,170,79,42,2,3,32,0,,,,,,,,,,,,
AAN,AAN04,AAN04-01-01,1212051.359,186,75,21,1,10,43,0,,,,,,,,,,,,
AAN,AAN04,AAN04-01-02,884664.875,140,83,57,0,2,24,0,,,,,,,,,,,,
AAN,AAN04,AAN04-01-03,1372427.444,230,133,80,3,5,45,0,,,,,,,,,,,,
AAN,AAN04,AAN04-02-01,2174382.371,237,119,60,2,2,55,0,,,,,,,,,,,,
AAN,AAN04,AAN04-02-02,1021121.141,141,72,37,1,5,29,0,,,,,,,,,,,,
AAN,AAN04,AAN04-02-03,1570472.769,207,116,77,1,3,35,0,,,,,,,,,,,,
AAN,AAN05,AAN05-01-01,1142942.76,111,30,8,3,1,18,0,,,,,,,,,,,,
AAN,AAN05,AAN05-01-02,1044769.045,141,56,26,2,0,28,0,,,,,,,,,,,,
AAN,AAN05,AAN05-01-03,1149335.047,147,54,26,2,3,23,0,,,,,,,,,,,,
AAN,AAN05,AAN05-02-01,1995864.168,181,77,28,0,7,42,0,,,,,,,,,,,,
AAN,AAN05,AAN05-02-02,1687849.896,158,65,24,1,8,32,0,,,,,,,,,,,,
AAN,AAN05,AAN05-02-03,1946574.362,143,54,18,1,4,31,0,,,,,,,,,,,,
ACL,ACL01,ACL01-01-01,5280215.301,126,95,75,5,5,10,0,,,,,,,,,,,,
ACL,ACL01,ACL01-01-02,3900206.107,115,82,63,0,4,15,0,,,,,,,,,,,,
ACL,ACL01,ACL01-01-03,1956364.052,116,66,42,4,4,16,0,,,,,,,,,,,,
ACL,ACL01,ACL01-02-01,6292785.2,107,79,58,1,2,18,0,,,,,,,,,,,,
ACL,ACL01,ACL01-02-02,8171228.331,100,77,61,0,5,11,0,,,,,,,,,,,,
ACL,ACL01,ACL01-02-03,6605770.443,113,67,39,2,7,19,0,,,,,,,,,,,,
ACL,ACL02,ACL02-01-01,4448455.568,80,68,59,0,3,6,0,,,,,,,,,,,,
ACL,ACL02,ACL02-01-02,4264435.261,121,80,56,0,4,20,0,,,,,,,,,,,,
ACL,ACL02,ACL02-01-03,5436449.134,111,89,75,0,6,8,0,,,,,,,,,,,,
ACL,ACL02,ACL02-02-01,4973334.882,118,74,52,2,4,16,0,,,,,,,,,,,,
ACL,ACL02,ACL02-02-02,6811327.478,115,80,60,0,3,17,0,,,,,,,,,,,,
ACL,ACL02,ACL02-02-03,3882285.179,114,66,39,2,6,19,0,,,,,,,,,,,,
ACL,ACL03,ACL03-01-01,2334999.25,114,78,51,1,7,19,0,,,,,,,,,,,,
ACL,ACL03,ACL03-01-02,3771274.15,122,74,46,0,8,20,0,,,,,,,,,,,,
ACL,ACL03,ACL03-01-03,1829047.698,106,71,46,2,7,16,0,,,,,,,,,,,,
ACL,ACL03,ACL03-02-01,3209168.121,142,88,50,0,11,27,0,,,,,,,,,,,,
ACL,ACL03,ACL03-02-02,3137366.571,96,69,51,2,2,14,0,,,,,,,,,,,,
ACL,ACL03,ACL03-02-03,4182051.263,123,94,71,1,2,20,0,,,,,,,,,,,,
ACL,ACL04,ACL04-01-01,3095705.637,114,82,59,1,9,13,0,,,,,,,,,,,,
ACL,ACL04,ACL04-01-02,2661725.764,118,86,64,1,9,12,0,,,,,,,,,,,,
ACL,ACL04,ACL04-01-03,2966171.183,134,102,82,1,7,12,0,,,,,,,,,,,,
ACL,ACL04,ACL04-02-01,3577256.898,134,89,62,0,8,19,0,,,,,,,,,,,,
ACL,ACL04,ACL04-02-02,3386114.579,101,70,46,1,9,14,0,,,,,,,,,,,,
ACL,ACL04,ACL04-02-03,3358565.926,104,72,51,0,6,15,0,,,,,,,,,,,,
ACL,ACL05,ACL05-01-01,6278563.984,125,85,58,2,8,17,0,,,,,,,,,,,,
ACL,ACL05,ACL05-01-02,6299692.786,84,68,56,0,3,9,0,,,,,,,,,,,,
ACL,ACL05,ACL05-01-03,6225888.567,107,80,63,1,5,11,0,,,,,,,,,,,,
ACL,ACL05,ACL05-02-01,6854812.464,97,77,57,0,6,14,0,,,,,,,,,,,,
ACL,ACL05,ACL05-02-02,6763739.744,121,96,78,0,4,14,0,,,,,,,,,,,,
ACL,ACL05,ACL05-02-03,7084324.167,144,92,63,2,7,20,0,,,,,,,,,,,,
GNE,GNE01,GNE01-01-01,3699724.171,100,70,53,0,2,15,0,,,,,,,,,,,,
GNE,GNE01,GNE01-01-02,4401794.094,112,78,57,0,4,17,0,,,,,,,,,,,,
GNE,GNE01,GNE01-01-03,8585174.27,109,109,89,0,0,20,0,,,,,,,,,,,,
GNE,GNE01,GNE01-02-01,4199490.641,134,39,2,6,3,28,0,,,,,,,,,,,,
GNE,GNE01,GNE01-02-02,4291381.211,141,66,27,0,4,35,0,,,,,,,,,,,,
GNE,GNE01,GNE01-02-03,7886688.006,132,86,58,1,3,24,0,,,,,,,,,,,,
GNE,GNE02,GNE02-01-01,3919245.157,101,68,48,0,2,18,0,,,,,,,,,,,,
GNE,GNE02,GNE02-01-02,2543415.506,130,69,37,1,0,31,0,,,,,,,,,,,,
GNE,GNE02,GNE02-01-03,4344789.596,169,80,42,1,2,35,0,,,,,,,,,,,,
GNE,GNE02,GNE02-02-01,1684431.833,112,76,55,1,2,18,0,,,,,,,,,,,,
GNE,GNE02,GNE02-02-02,1937557.967,90,60,43,0,0,17,0,,,,,,,,,,,,
GNE,GNE02,GNE02-02-03,4115748.749,121,85,58,0,0,27,0,,,,,,,,,,,,
GNE,GNE03,GNE03-01-01,4669996.796,156,123,100,0,2,21,0,,,,,,,,,,,,
GNE,GNE03,GNE03-01-02,6532273.256,172,107,72,0,8,27,0,,,,,,,,,,,,
GNE,GNE03,GNE03-01-03,2283676.379,105,80,62,1,6,11,0,,,,,,,,,,,,
GNE,GNE03,GNE03-02-01,3343576.301,101,66,49,0,2,15,0,,,,,,,,,,,,
GNE,GNE03,GNE03-02-02,4524516.452,119,74,53,0,2,19,0,,,,,,,,,,,,
GNE,GNE03,GNE03-02-03,2996992.188,148,76,41,1,2,32,0,,,,,,,,,,,,
GNE,GNE06,GNE06-01-01,2220744.594,100,48,26,0,1,21,0,,,,,,,,,,,,
GNE,GNE06,GNE06-01-02,1714591.533,102,46,26,2,2,16,0,,,,,,,,,,,,
GNE,GNE06,GNE06-01-03,1779162.987,113,51,31,2,4,14,0,,,,,,,,,,,,
GNE,GNE06,GNE06-02-01,2099886.985,116,56,28,2,4,22,0,,,,,,,,,,,,
GNE,GNE06,GNE06-02-02,2609484.119,116,68,46,2,1,19,0,,,,,,,,,,,,
GNE,GNE06,GNE06-02-03,2004338.488,126,69,46,3,5,15,0,,,,,,,,,,,,
GNE,GNE07,GNE07-01-01,3602682.521,103,60,43,2,1,14,0,,,,,,,,,,,,
GNE,GNE07,GNE07-01-02,4731434.499,100,57,39,1,1,16,0,,,,,,,,,,,,
GNE,GNE07,GNE07-01-03,4172157.484,111,54,38,2,0,14,0,,,,,,,,,,,,
GNE,GNE07,GNE07-02-01,6893580.639,98,61,41,1,3,16,0,,,,,,,,,,,,
GNE,GNE07,GNE07-02-02,8443442.964,106,65,47,1,3,14,0,,,,,,,,,,,,
GNE,GNE07,GNE07-02-03,7767507.165,100,66,46,0,1,19,0,,,,,,,,,,,,
RCI,RCI01,RCI01-01-01,1871150.826,120,108,100,1,4,3,0,,,,,,,,,,,,
RCI,RCI01,RCI01-01-02,1537638.866,123,102,89,2,8,3,0,,,,,,,,,,,,
RCI,RCI01,RCI01-01-03,2503094.839,117,103,89,0,8,6,0,,,,,,,,,,,,
RCI,RCI01,RCI01-02-01,2095312.5,96,89,82,0,5,2,0,,,,,,,,,,,,
RCI,RCI01,RCI01-02-02,2193501.832,91,88,83,0,3,2,0,,,,,,,,,,,,
RCI,RCI01,RCI01-02-03,1883859.378,99,97,95,0,1,1,0,,,,,,,,,,,,
RCI,RCI02,RCI02-01-01,1724365.651,132,112,100,1,9,2,0,,,,,,,,,,,,
RCI,RCI02,RCI02-01-02,1755607.462,150,139,128,0,8,3,0,,,,,,,,,,,,
RCI,RCI02,RCI02-01-03,1921363.529,164,145,128,0,12,5,0,,,,,,,,,,,,
RCI,RCI02,RCI02-02-01,2010886.804,115,102,87,0,12,3,0,,,,,,,,,,,,
RCI,RCI02,RCI02-02-02,1722313.739,112,104,99,0,3,2,0,,,,,,,,,,,,
RCI,RCI02,RCI02-02-03,2271680.873,144,122,102,1,12,7,0,,,,,,,,,,,,
RCI,RCI03,RCI03-01-01,4752436.224,133,93,67,0,6,20,0,,,,,,,,,,,,
RCI,RCI03,RCI03-01-02,3562632.656,122,91,77,0,4,10,0,,,,,,,,,,,,
RCI,RCI03,RCI03-01-03,3224246.479,128,102,87,0,6,9,0,,,,,,,,,,,,
RCI,RCI03,RCI03-02-01,1327018.136,110,74,51,2,12,9,0,,,,,,,,,,,,
RCI,RCI03,RCI03-02-02,1156246.559,109,104,99,0,4,1,0,,,,,,,,,,,,
RCI,RCI03,RCI03-02-03,1037773.431,100,86,74,1,10,1,0,,,,,,,,,,,,
RCI,RCI04,RCI04-01-01,2839961.662,109,95,82,0,11,2,0,,,,,,,,,,,,
RCI,RCI04,RCI04-01-02,2886033.904,131,122,110,0,10,2,0,,,,,,,,,,,,
RCI,RCI04,RCI04-01-03,3659332.099,113,104,97,0,7,0,0,,,,,,,,,,,,
RCI,RCI04,RCI04-02-01,2391781.563,125,118,111,0,5,2,0,,,,,,,,,,,,
RCI,RCI04,RCI04-02-02,3247520.301,165,138,120,1,16,1,0,,,,,,,,,,,,
RCI,RCI04,RCI04-02-03,1880094.064,92,89,84,1,4,0,0,,,,,,,,,,,,
RCI,RCI05,RCI05-01-01,1103042.424,95,71,62,1,4,4,0,,,,,,,,,,,,
RCI,RCI05,RCI05-01-02,1325360.439,101,85,78,1,4,2,0,,,,,,,,,,,,
RCI,RCI05,RCI05-01-03,1435905.559,115,81,59,0,16,6,0,,,,,,,,,,,,
RCI,RCI05,RCI05-02-01,4257981.556,141,132,123,0,7,2,0,,,,,,,,,,,,
RCI,RCI05,RCI05-02-02,2033085.139,93,83,74,0,6,3,0,,,,,,,,,,,,
RCI,RCI05,RCI05-02-03,1773220.39,101,96,91,0,5,0,0,,,,,,,,,,,,
PPI,PPI06,PPI06-01-01,2351184.816,138,97,75,1,5,16,4,,,,,,,,,,,,
PPI,PPI06,PPI06-01-02,3068121.65,165,97,60,0,5,32,5,,,,,,,,,,,,
PPI,PPI06,PPI06-01-03,2481685.726,118,80,58,0,7,15,4,,,,,,,,,,,,
PPI,PPI06,PPI06-02-01,2084120.261,112,80,59,0,5,16,5,,,,,,,,,,,,
PPI,PPI06,PPI06-02-02,1771318.72,99,74,54,0,6,14,5,,,,,,,,,,,,
PPI,PPI06,PPI06-02-03,2168748.926,117,82,56,1,8,17,1,,,,,,,,,,,,
PPI,PPI02,PPI02-01-01,4177118.135,128,98,74,0,4,20,0,,,,,,,,,,,,
PPI,PPI02,PPI02-01-02,3367741.616,104,78,58,0,6,14,0,,,,,,,,,,,,
PPI,PPI02,PPI02-01-03,3616908.449,119,83,58,0,3,22,0,,,,,,,,,,,,
PPI,PPI02,PPI02-02-01,4627357.799,126,86,62,1,4,19,0,,,,,,,,,,,,
PPI,PPI02,PPI02-02-02,4884923.901,148,93,62,0,3,28,0,,,,,,,,,,,,
PPI,PPI02,PPI02-02-03,3614294.527,129,79,50,0,7,22,0,,,,,,,,,,,,
PPI,PPI03,PPI03-01-01,2719504.616,103,73,49,0,6,18,0,,,,,,,,,,,,
PPI,PPI03,PPI03-01-02,3296708.494,109,64,41,0,7,16,0,,,,,,,,,,,,
PPI,PPI03,PPI03-01-03,3901719.979,116,73,47,1,4,21,0,,,,,,,,,,,,
PPI,PPI03,PPI03-02-01,6629559.628,122,89,67,0,3,19,0,,,,,,,,,,,,
PPI,PPI03,PPI03-02-02,3927045.541,105,74,55,0,3,16,0,,,,,,,,,,,,
PPI,PPI03,PPI03-02-03,4919415.237,116,77,48,0,6,23,0,,,,,,,,,,,,
PPI,PPI04,PPI04-01-01,3679166.679,99,81,66,1,1,13,0,,,,,,,,,,,,
PPI,PPI04,PPI04-01-02,3532090.486,148,110,86,1,7,16,0,,,,,,,,,,,,
PPI,PPI04,PPI04-01-03,2360936.545,107,86,70,0,6,10,0,,,,,,,,,,,,
PPI,PPI04,PPI04-02-01,2844914.16,125,96,79,0,6,11,0,,,,,,,,,,,,
PPI,PPI04,PPI04-02-02,3408767.141,144,118,97,1,5,15,0,,,,,,,,,,,,
PPI,PPI04,PPI04-02-03,5506701.697,136,111,89,0,3,19,0,,,,,,,,,,,,
PPI,PPI07,PPI07-01-01,5113544.276,108,72,51,0,1,20,0,,,,,,,,,,,,
PPI,PPI07,PPI07-01-02,5353565.382,103,71,49,0,1,21,0,,,,,,,,,,,,
PPI,PPI07,PPI07-01-03,5322614.113,103,74,55,1,0,18,0,,,,,,,,,,,,
PPI,PPI07,PPI07-02-01,4506666.237,106,76,54,0,2,20,0,,,,,,,,,,,,
PPI,PPI07,PPI07-02-02,4432959.734,98,78,64,1,0,13,0,,,,,,,,,,,,
PPI,PPI07,PPI07-02-03,3966367.797,102,71,52,0,1,18,1,,,,,,,,,,,,
PPO,PPO01,PPO01-01-01,1521381.776,129,85,62,0,9,14,0,,,,,,,,,,,,
PPO,PPO01,PPO01-01-02,1707774.003,133,92,59,0,13,20,0,,,,,,,,,,,,
PPO,PPO01,PPO01-01-03,1592780.391,122,78,51,0,6,21,0,,,,,,,,,,,,
PPO,PPO08,PPO08-01-01,1869834.023,115,64,33,1,5,25,0,,,,,,,,,,,,
PPO,PPO08,PPO08-01-02,2754318.232,120,62,22,0,4,36,0,,,,,,,,,,,,
PPO,PPO08,PPO08-01-03,2890665.401,106,62,31,1,1,29,0,,,,,,,,,,,,
PPO,PPO02,PPO02-01-01,2920933.327,119,77,53,1,20,3,0,,,,,,,,,,,,
PPO,PPO02,PPO02-01-02,1883752.265,108,65,43,1,13,8,0,,,,,,,,,,,,
PPO,PPO02,PPO02-01-03,1619173.012,108,86,69,0,9,8,0,,,,,,,,,,,,
PPO,PPO02,PPO02-02-01,2486516.08,107,81,64,1,3,13,0,,,,,,,,,,,,
PPO,PPO02,PPO02-02-02,2402605.641,103,84,70,0,4,10,0,,,,,,,,,,,,
PPO,PPO02,PPO02-02-03,2657086.539,114,84,66,2,5,11,0,,,,,,,,,,,,
PPO,PPO03,PPO03-01-01,2628176.598,114,67,38,3,3,23,0,,,,,,,,,,,,
PPO,PPO03,PPO03-01-02,3422955.007,136,83,50,0,10,23,0,,,,,,,,,,,,
PPO,PPO03,PPO03-01-03,2391903.933,102,73,50,0,5,18,0,,,,,,,,,,,,
PPO,PPO03,PPO03-02-01,3405983.814,133,88,64,0,4,20,0,,,,,,,,,,,,
PPO,PPO03,PPO03-02-02,2636351.742,113,79,53,1,6,19,0,,,,,,,,,,,,
PPO,PPO03,PPO03-02-03,3720871.884,152,97,64,0,12,21,0,,,,,,,,,,,,
PPO,PPO06,PPO06-01-01,2293849.399,112,70,41,0,4,25,0,,,,,,,,,,,,
PPO,PPO06,PPO06-01-02,1954479.971,100,58,35,1,2,20,0,,,,,,,,,,,,
PPO,PPO06,PPO06-01-03,2643043.724,138,79,45,0,3,31,0,,,,,,,,,,,,
PPO,PPO06,PPO06-02-01,3447340.077,107,71,47,0,4,20,0,,,,,,,,,,,,
PPO,PPO06,PPO06-02-02,3111761.584,141,81,48,1,3,29,0,,,,,,,,,,,,
PPO,PPO06,PPO06-02-03,3171563.049,126,89,64,2,3,20,0,,,,,,,,,,,,
PPO,PPO07,PPO07-01-01,2134057.276,104,81,64,0,3,14,0,,,,,,,,,,,,
PPO,PPO07,PPO07-01-02,1562440.317,118,82,58,0,2,22,0,,,,,,,,,,,,
PPO,PPO07,PPO07-01-03,2638446.578,105,74,58,0,3,13,0,,,,,,,,,,,,
PPO,PPO07,PPO07-02-01,992522.008,117,77,52,2,3,20,0,,,,,,,,,,,,
PPO,PPO07,PPO07-02-02,2080379.573,112,70,38,1,11,20,0,,,,,,,,,,,,
PPO,PPO07,PPO07-02-03,2107531.437,127,78,48,0,3,27,0,,,,,,,,,,,,
KMA,KMA03,KMA03-01-01,4434089.606,142,83,45,2,2,34,10,,,,,,,,,,,,
KMA,KMA03,KMA03-01-02,4025550.866,128,74,42,1,0,31,4,,,,,,,,,,,,
KMA,KMA03,KMA03-01-03,5837568.42,156,95,51,0,5,39,10,,,,,,,,,,,,
KMA,KMA03,KMA03-02-01,2565015.83,114,58,28,1,2,27,2,,,,,,,,,,,,
KMA,KMA03,KMA03-02-02,2548937.271,102,50,16,0,5,29,0,,,,,,,,,,,,
KMA,KMA03,KMA03-02-03,3277542.02,100,60,29,0,1,30,0,,,,,,,,,,,,
KMA,KMA04,KMA04-01-01,2976420.034,127,66,23,3,3,37,1,,,,,,,,,,,,
KMA,KMA04,KMA04-01-02,4348512.778,159,82,35,0,2,45,0,,,,,,,,,,,,
KMA,KMA04,KMA04-01-03,3182433.799,116,76,35,2,0,39,0,,,,,,,,,,,,
KMA,KMA04,KMA04-02-01,2762497.341,103,58,29,0,0,29,0,,,,,,,,,,,,
KMA,KMA04,KMA04-02-02,2379246.197,102,53,24,0,0,29,0,,,,,,,,,,,,
KMA,KMA04,KMA04-02-03,2257345.722,109,59,27,0,3,29,0,,,,,,,,,,,,
KMA,KMA05,KMA05-01-01,2311511.355,109,66,30,2,1,33,3,,,,,,,,,,,,
KMA,KMA05,KMA05-01-02,2543886.452,116,70,39,0,1,30,0,,,,,,,,,,,,
KMA,KMA05,KMA05-01-03,3058888.734,119,62,30,4,3,25,1,,,,,,,,,,,,
KMA,KMA05,KMA05-02-01,2588993.139,139,70,30,1,2,37,0,,,,,,,,,,,,
KMA,KMA05,KMA05-02-02,2240792.799,114,48,21,4,0,23,0,,,,,,,,,,,,
KMA,KMA05,KMA05-02-03,2937473.717,128,58,24,3,1,30,0,,,,,,,,,,,,
KMA,KMA06,KMA06-01-01,3164274.942,126,67,24,0,2,41,4,,,,,,,,,,,,
KMA,KMA06,KMA06-01-02,3055613.725,108,56,21,0,3,32,,,,,,,,,,,,,
KMA,KMA06,KMA06-01-03,4454367.561,103,49,14,0,0,35,0,,,,,,,,,,,,
KMA,KMA06,KMA06-02-01,2999306.594,103,59,32,1,2,24,0,,,,,,,,,,,,
KMA,KMA06,KMA06-02-02,2090284.219,123,58,22,1,2,33,0,,,,,,,,,,,,
KMA,KMA06,KMA06-02-03,2059236.36,120,64,33,0,1,30,0,,,,,,,,,,,,
KMA,KMA07,KMA07-01-01,2282914.474,103,59,34,1,1,23,0,,,,,,,,,,,,
KMA,KMA07,KMA07-01-02,2013962.785,101,53,21,0,4,28,0,,,,,,,,,,,,
KMA,KMA07,KMA07-01-03,1586952.373,102,47,11,0,0,36,0,,,,,,,,,,,,
KMA,KMA07,KMA07-02-01,2729081.705,114,65,32,0,2,31,2,,,,,,,,,,,,
KMA,KMA07,KMA07-02-02,3363891.074,112,59,25,0,0,34,3,,,,,,,,,,,,
KMA,KMA07,KMA07-02-03,5111597.225,115,67,34,0,2,31,2,,,,,,,,,,,,
CSQ,CSQ01,CSQ01-01-01,1418614.52,183,100,39,0,9,52,14,,,,,,,,,,,,
CSQ,CSQ01,CSQ01-01-02,1019776.127,143,95,59,1,6,29,3,,,,,,,,,,,,
CSQ,CSQ01,CSQ01-01-03,1377535.614,176,116,67,1,8,40,4,,,,,,,,,,,,
CSQ,CSQ01,CSQ01-02-01,,,0,,,,,,,,,,,,,,,,,
CSQ,CSQ01,CSQ01-02-02,,,0,,,,,,,,,,,,,,,,,
CSQ,CSQ01,CSQ01-02-03,,,0,,,,,,,,,,,,,,,,,
CSQ,CSQ04,CSQ04-01-01,1088630.954,135,122,112,1,4,5,0,,,,,,,,,,,,
CSQ,CSQ04,CSQ04-01-02,1071346.16,138,107,82,1,9,15,0,,,,,,,,,,,,
CSQ,CSQ04,CSQ04-01-03,885692.051,118,97,82,0,4,11,2,,,,,,,,,,,,
CSQ,CSQ04,CSQ04-02-01,2246697.205,144,95,63,1,9,22,0,,,,,,,,,,,,
CSQ,CSQ04,CSQ04-02-02,1521286.416,116,82,57,0,1,24,0,,,,,,,,,,,,
CSQ,CSQ04,CSQ04-02-03,2910235.17,109,72,47,0,8,17,0,,,,,,,,,,,,
CSQ,CSQ05,CSQ05-01-01,1138084.072,125,78,52,3,5,18,0,,,,,,,,,,,,
CSQ,CSQ05,CSQ05-01-02,1865886.935,197,116,60,3,9,44,19,,,,,,,,,,,,
CSQ,CSQ05,CSQ05-01-03,2017394.057,163,98,51,3,6,38,29,,,,,,,,,,,,
CSQ,CSQ05,CSQ05-02-01,1650138.826,154,81,48,3,5,25,1,,,,,,,,,,,,
CSQ,CSQ05,CSQ05-02-02,1957242.103,174,95,45,3,5,42,0,,,,,,,,,,,,
CSQ,CSQ05,CSQ05-02-03,2503842.647,136,77,44,5,5,23,0,,,,,,,,,,,,
CSQ,CSQ06,CSQ06-01-01,8788645.072,93,75,61,0,1,13,0,,,,,,,,,,,,
CSQ,CSQ06,CSQ06-01-02,11063029.46,132,96,73,0,2,21,8,,,,,,,,,,,,
CSQ,CSQ06,CSQ06-01-03,10304234.21,107,83,68,0,2,13,1,,,,,,,,,,,,
CSQ,CSQ06,CSQ06-02-01,14909001.6,123,92,72,0,1,19,0,,,,,,,,,,,,
CSQ,CSQ06,CSQ06-02-02,11188476.17,128,106,91,0,1,14,0,,,,,,,,,,,,
CSQ,CSQ06,CSQ06-02-03,16019924.82,127,95,75,0,1,19,0,,,,,,,,,,,,
CSQ,CSQ07,CSQ07-01-01,1038100.292,175,62,14,5,8,35,0,,,,,,,,,,,,
CSQ,CSQ07,CSQ07-01-02,1128463.994,169,61,22,0,6,33,0,,,,,,,,,,,,
CSQ,CSQ07,CSQ07-01-03,565794.321,164,92,51,0,10,31,0,,,,,,,,,,,,
CSQ,CSQ07,CSQ07-02-01,1374986.311,147,89,48,0,4,37,0,,,,,,,,,,,,
CSQ,CSQ07,CSQ07-02-02,974735.036,130,80,47,0,7,26,0,,,,,,,,,,,,
CSQ,CSQ07,CSQ07-02-03,980958.603,110,67,39,0,3,25,0,,,,,,,,,,,,
BPA,BPA01,BPA01-01-01,941107.156,134,54,21,6,3,24,6,,,,,,,,,,,,
BPA,BPA01,BPA01-01-02,955909.838,113,48,17,5,3,23,0,,,,,,,,,,,,
BPA,BPA01,BPA01-01-03,927699.298,135,65,33,5,0,27,6,,,,,,,,,,,,
BPA,BPA01,BPA01-02-01,1212853.541,150,61,24,2,4,31,14,,,,,,,,,,,,
BPA,BPA01,BPA01-02-02,923885.89,117,52,20,5,3,24,0,,,,,,,,,,,,
BPA,BPA01,BPA01-02-03,1031030.056,116,53,16,4,4,29,1,,,,,,,,,,,,
BPA,BPA02,BPA02-01-01,982287.705,100,63,37,2,3,21,0,,,,,,,,,,,,
BPA,BPA02,BPA02-01-02,1608395.277,119,55,23,2,5,25,0,,,,,,,,,,,,
BPA,BPA02,BPA02-01-03,1079182.608,114,48,22,2,8,16,0,,,,,,,,,,,,
BPA,BPA02,BPA02-02-01,1704398.924,121,71,33,1,7,30,0,,,,,,,,,,,,
BPA,BPA02,BPA02-02-02,2642268.133,133,72,34,2,8,28,0,,,,,,,,,,,,
BPA,BPA02,BPA02-02-03,1582962.433,119,64,28,3,4,29,1,,,,,,,,,,,,
BPA,BPA03,BPA03-01-01,1528674.452,130,82,55,1,6,20,0,,,,,,,,,,,,
BPA,BPA03,BPA03-01-02,1111525.962,100,58,22,0,10,26,0,,,,,,,,,,,,
BPA,BPA03,BPA03-01-03,865351.658,102,59,31,0,10,18,0,,,,,,,,,,,,
BPA,BPA03,BPA03-02-01,2933061.034,166,109,65,2,5,37,0,,,,,,,,,,,,
BPA,BPA03,BPA03-02-02,1821467.075,140,86,47,1,5,33,0,,,,,,,,,,,,
BPA,BPA03,BPA03-02-03,1501512.988,112,66,28,1,8,29,0,,,,,,,,,,,,
BPA,BPA05,BPA05-01-01,1800168.953,120,60,26,1,1,32,0,,,,,,,,,,,,
BPA,BPA05,BPA05-01-02,2235896.685,121,59,18,2,4,35,0,,,,,,,,,,,,
BPA,BPA05,BPA05-01-03,3717261.336,106,56,21,0,6,29,0,,,,,,,,,,,,
BPA,BPA05,BPA05-02-01,3390767.384,129,62,22,1,1,38,0,,,,,,,,,,,,
BPA,BPA05,BPA05-02-02,1710821.735,107,49,19,2,1,27,0,,,,,,,,,,,,
BPA,BPA05,BPA05-02-03,1660348.7,108,53,19,1,1,32,0,,,,,,,,,,,,
BPA,BPA06,BPA06-01-01,406896.073,85,32,9,3,1,19,0,,,,,,,,,,,,
BPA,BPA06,BPA06-01-02,1451416.36,128,68,35,0,5,28,0,,,,,,,,,,,,
BPA,BPA06,BPA06-01-03,872000.549,102,40,9,1,4,26,0,,,,,,,,,,,,
BPA,BPA06,BPA06-02-01,1104105.04,100,60,35,1,6,18,0,,,,,,,,,,,,
BPA,BPA06,BPA06-02-02,1196058.559,99,66,38,1,11,16,0,,,,,,,,,,,,
BPA,BPA06,BPA06-02-03,1252868.852,102,70,44,0,7,19,0,,,,,,,,,,,,
AAN,AAN06,AAN06-01-01,1073993.892,110,57,32,0,4,21,0,,,,,,,,,,,,
AAN,AAN06,AAN06-01-02,1414438.226,168,70,25,1,4,40,0,,,,,,,,,,,,
AAN,AAN06,AAN06-01-03,1004249.719,122,45,21,2,4,18,0,,,,,,,,,,,,
AAN,AAN06,AAN06-02-01,745153.77,99,50,27,1,6,16,0,,,,,,,,,,,,
AAN,AAN06,AAN06-02-02,706136.207,109,50,18,0,2,30,0,,,,,,,,,,,,
AAN,AAN06,AAN06-02-03,879912.028,129,74,49,0,4,21,3,,,,,,,,,,,,
